source_id,source_name,category,owner_org,geography,source_type,signal_type,suggested_output_route,priority_tier,automation_feasibility,access_status,final_package_status,duplicate_status,next_action,notes,evidence_source
bc_bid,BC Bid,A_active_tender,BC Bid,BC / Lower Mainland,varies,varies,varies,2,to_assess,to_verify,partially_represented_by_final_code_but_source_register_row_missing,possible_duplicate_or_parent_source,"preserve, dedupe against final coded sources, then decide connector/workflow",Existing 68-source baseline from earlier Source_Register; keep visible so it is not lost.,existing_68_source_register
civicinfo_bc_bids_and_tenders,CivicInfo BC — Bids & Tenders,A_active_tender,CivicInfo BC — Bids & Tenders,BC / Lower Mainland,varies,varies,varies,2,to_assess,to_verify,partially_represented_by_final_code_but_source_register_row_missing,possible_duplicate_or_parent_source,"preserve, dedupe against final coded sources, then decide connector/workflow",Existing 68-source baseline from earlier Source_Register; keep visible so it is not lost.,existing_68_source_register
bids_and_tenders_municipal_portals,bids&tenders Municipal Portals,A_active_tender,bids&tenders Municipal Portals,BC / Lower Mainland,varies,varies,varies,2,to_assess,to_verify,not_in_final_as_source_register_row,baseline_existing_concept_preserve,"preserve, dedupe against final coded sources, then decide connector/workflow",Existing 68-source baseline from earlier Source_Register; keep visible so it is not lost.,existing_68_source_register
bc_housing_opportunities,BC Housing Opportunities,A_active_tender,BC Housing Opportunities,BC / Lower Mainland,varies,varies,varies,2,to_assess,to_verify,not_in_final_as_source_register_row,baseline_existing_concept_preserve,"preserve, dedupe against final coded sources, then decide connector/workflow",Existing 68-source baseline from earlier Source_Register; keep visible so it is not lost.,existing_68_source_register
bidcentral,BidCentral,A_active_tender,BidCentral,BC / Lower Mainland,varies,varies,varies,2,to_assess,to_verify,partially_represented_by_final_code_but_source_register_row_missing,possible_duplicate_or_parent_source,"preserve, dedupe against final coded sources, then decide connector/workflow",Existing 68-source baseline from earlier Source_Register; keep visible so it is not lost.,existing_68_source_register
canadabuys,CanadaBuys,A_active_tender,CanadaBuys,BC / Lower Mainland,varies,varies,varies,2,to_assess,to_verify,not_in_final_as_source_register_row,baseline_existing_concept_preserve,"preserve, dedupe against final coded sources, then decide connector/workflow",Existing 68-source baseline from earlier Source_Register; keep visible so it is not lost.,existing_68_source_register
city_of_vancouver_supplier_portal,City of Vancouver Supplier Portal,A_active_tender,City of Vancouver Supplier Portal,BC / Lower Mainland,varies,varies,varies,2,to_assess,to_verify,not_in_final_as_source_register_row,baseline_existing_concept_preserve,"preserve, dedupe against final coded sources, then decide connector/workflow",Existing 68-source baseline from earlier Source_Register; keep visible so it is not lost.,existing_68_source_register
metro_vancouver_procurement,Metro Vancouver — Procurement,A_active_tender,Metro Vancouver — Procurement,BC / Lower Mainland,varies,varies,varies,2,to_assess,to_verify,partially_represented_by_final_code_but_source_register_row_missing,possible_duplicate_or_parent_source,"preserve, dedupe against final coded sources, then decide connector/workflow",Existing 68-source baseline from earlier Source_Register; keep visible so it is not lost.,existing_68_source_register
translink_ariba_procurement,TransLink Ariba Procurement,A_active_tender,TransLink Ariba Procurement,BC / Lower Mainland,varies,varies,varies,2,to_assess,to_verify,not_in_final_as_source_register_row,baseline_existing_concept_preserve,"preserve, dedupe against final coded sources, then decide connector/workflow",Existing 68-source baseline from earlier Source_Register; keep visible so it is not lost.,existing_68_source_register
biddingo,Biddingo,A_active_tender,Biddingo,BC / Lower Mainland,varies,varies,varies,2,to_assess,to_verify,not_in_final_as_source_register_row,baseline_existing_concept_preserve,"preserve, dedupe against final coded sources, then decide connector/workflow",Existing 68-source baseline from earlier Source_Register; keep visible so it is not lost.,existing_68_source_register
govbid,GovBid,A_active_tender,GovBid,BC / Lower Mainland,varies,varies,varies,2,to_assess,to_verify,not_in_final_as_source_register_row,baseline_existing_concept_preserve,"preserve, dedupe against final coded sources, then decide connector/workflow",Existing 68-source baseline from earlier Source_Register; keep visible so it is not lost.,existing_68_source_register
merx,MERX,A_active_tender,MERX,BC / Lower Mainland,varies,varies,varies,2,to_assess,to_verify,not_in_final_as_source_register_row,baseline_existing_concept_preserve,"preserve, dedupe against final coded sources, then decide connector/workflow",Existing 68-source baseline from earlier Source_Register; keep visible so it is not lost.,existing_68_source_register
bc_municipal_gis_directory,BC Municipal GIS Directory,B_dev_applications,BC Municipal GIS Directory,BC / Lower Mainland,varies,varies,varies,2,to_assess,to_verify,not_in_final_as_source_register_row,baseline_existing_concept_preserve,"preserve, dedupe against final coded sources, then decide connector/workflow",Existing 68-source baseline from earlier Source_Register; keep visible so it is not lost.,existing_68_source_register
city_of_langley_development_portal,City of Langley Development Portal,B_dev_applications,City of Langley Development Portal,BC / Lower Mainland,varies,varies,varies,2,to_assess,to_verify,not_in_final_as_source_register_row,baseline_existing_concept_preserve,"preserve, dedupe against final coded sources, then decide connector/workflow",Existing 68-source baseline from earlier Source_Register; keep visible so it is not lost.,existing_68_source_register
maple_ridge_active_development_applications,Maple Ridge Active Development Applications,B_dev_applications,Maple Ridge Active Development Applications,BC / Lower Mainland,varies,varies,varies,2,to_assess,to_verify,not_in_final_as_source_register_row,baseline_existing_concept_preserve,"preserve, dedupe against final coded sources, then decide connector/workflow",Existing 68-source baseline from earlier Source_Register; keep visible so it is not lost.,existing_68_source_register
pitt_meadows_current_developments,Pitt Meadows Current Developments,B_dev_applications,Pitt Meadows Current Developments,BC / Lower Mainland,varies,varies,varies,2,to_assess,to_verify,not_in_final_as_source_register_row,baseline_existing_concept_preserve,"preserve, dedupe against final coded sources, then decide connector/workflow",Existing 68-source baseline from earlier Source_Register; keep visible so it is not lost.,existing_68_source_register
surrey_capital_futureworks_layers,Surrey Capital / FutureWorks Layers,B_dev_applications,Surrey Capital / FutureWorks Layers,BC / Lower Mainland,varies,varies,varies,2,to_assess,to_verify,not_in_final_as_source_register_row,baseline_existing_concept_preserve,"preserve, dedupe against final coded sources, then decide connector/workflow",Existing 68-source baseline from earlier Source_Register; keep visible so it is not lost.,existing_68_source_register
surrey_development_applications_open_data,Surrey Development Applications / Open Data,B_dev_applications,Surrey Development Applications / Open Data,BC / Lower Mainland,varies,varies,varies,2,to_assess,to_verify,not_in_final_as_source_register_row,baseline_existing_concept_preserve,"preserve, dedupe against final coded sources, then decide connector/workflow",Existing 68-source baseline from earlier Source_Register; keep visible so it is not lost.,existing_68_source_register
surrey_gis_futureworks,Surrey GIS / FutureWorks,B_dev_applications,Surrey GIS / FutureWorks,BC / Lower Mainland,varies,varies,varies,2,to_assess,to_verify,not_in_final_as_source_register_row,baseline_existing_concept_preserve,"preserve, dedupe against final coded sources, then decide connector/workflow",Existing 68-source baseline from earlier Source_Register; keep visible so it is not lost.,existing_68_source_register
township_of_langley_development_activity,Township of Langley Development Activity,B_dev_applications,Township of Langley Development Activity,BC / Lower Mainland,varies,varies,varies,2,to_assess,to_verify,not_in_final_as_source_register_row,baseline_existing_concept_preserve,"preserve, dedupe against final coded sources, then decide connector/workflow",Existing 68-source baseline from earlier Source_Register; keep visible so it is not lost.,existing_68_source_register
abbotsford_development_open_data,Abbotsford Development / Open Data,B_dev_applications,Abbotsford Development / Open Data,BC / Lower Mainland,varies,varies,varies,2,to_assess,to_verify,not_in_final_as_source_register_row,baseline_existing_concept_preserve,"preserve, dedupe against final coded sources, then decide connector/workflow",Existing 68-source baseline from earlier Source_Register; keep visible so it is not lost.,existing_68_source_register
burnaby_open_data_capital_projects,Burnaby Open Data / Capital Projects,B_dev_applications,Burnaby Open Data / Capital Projects,BC / Lower Mainland,varies,varies,varies,2,to_assess,to_verify,not_in_final_as_source_register_row,baseline_existing_concept_preserve,"preserve, dedupe against final coded sources, then decide connector/workflow",Existing 68-source baseline from earlier Source_Register; keep visible so it is not lost.,existing_68_source_register
chilliwack_development_planning,Chilliwack Development / Planning,B_dev_applications,Chilliwack Development / Planning,BC / Lower Mainland,varies,varies,varies,2,to_assess,to_verify,not_in_final_as_source_register_row,baseline_existing_concept_preserve,"preserve, dedupe against final coded sources, then decide connector/workflow",Existing 68-source baseline from earlier Source_Register; keep visible so it is not lost.,existing_68_source_register
coquitlam_development_information_portal,Coquitlam Development Information Portal,B_dev_applications,Coquitlam Development Information Portal,BC / Lower Mainland,varies,varies,varies,2,to_assess,to_verify,not_in_final_as_source_register_row,baseline_existing_concept_preserve,"preserve, dedupe against final coded sources, then decide connector/workflow",Existing 68-source baseline from earlier Source_Register; keep visible so it is not lost.,existing_68_source_register
delta_current_development_applications,Delta Current Development Applications,B_dev_applications,Delta Current Development Applications,BC / Lower Mainland,varies,varies,varies,2,to_assess,to_verify,not_in_final_as_source_register_row,baseline_existing_concept_preserve,"preserve, dedupe against final coded sources, then decide connector/workflow",Existing 68-source baseline from earlier Source_Register; keep visible so it is not lost.,existing_68_source_register
new_westminster_open_data,New Westminster Open Data,B_dev_applications,New Westminster Open Data,BC / Lower Mainland,varies,varies,varies,2,to_assess,to_verify,not_in_final_as_source_register_row,baseline_existing_concept_preserve,"preserve, dedupe against final coded sources, then decide connector/workflow",Existing 68-source baseline from earlier Source_Register; keep visible so it is not lost.,existing_68_source_register
richmond_current_development_applications,Richmond Current Development Applications,B_dev_applications,Richmond Current Development Applications,BC / Lower Mainland,varies,varies,varies,2,to_assess,to_verify,not_in_final_as_source_register_row,baseline_existing_concept_preserve,"preserve, dedupe against final coded sources, then decide connector/workflow",Existing 68-source baseline from earlier Source_Register; keep visible so it is not lost.,existing_68_source_register
vancouver_issued_building_permits,Vancouver Issued Building Permits,B_dev_applications,Vancouver Issued Building Permits,BC / Lower Mainland,varies,varies,varies,2,to_assess,to_verify,not_in_final_as_source_register_row,baseline_existing_concept_preserve,"preserve, dedupe against final coded sources, then decide connector/workflow",Existing 68-source baseline from earlier Source_Register; keep visible so it is not lost.,existing_68_source_register
vancouver_open_data,Vancouver Open Data,B_dev_applications,Vancouver Open Data,BC / Lower Mainland,varies,varies,varies,2,to_assess,to_verify,not_in_final_as_source_register_row,baseline_existing_concept_preserve,"preserve, dedupe against final coded sources, then decide connector/workflow",Existing 68-source baseline from earlier Source_Register; keep visible so it is not lost.,existing_68_source_register
city_of_north_vancouver,City of North Vancouver,B_dev_applications,City of North Vancouver,BC / Lower Mainland,varies,varies,varies,2,to_assess,to_verify,not_in_final_as_source_register_row,baseline_existing_concept_preserve,"preserve, dedupe against final coded sources, then decide connector/workflow",Existing 68-source baseline from earlier Source_Register; keep visible so it is not lost.,existing_68_source_register
district_of_north_vancouver_geoweb,District of North Vancouver GEOweb,B_dev_applications,District of North Vancouver GEOweb,BC / Lower Mainland,varies,varies,varies,2,to_assess,to_verify,not_in_final_as_source_register_row,baseline_existing_concept_preserve,"preserve, dedupe against final coded sources, then decide connector/workflow",Existing 68-source baseline from earlier Source_Register; keep visible so it is not lost.,existing_68_source_register
mission_development_planning,Mission Development / Planning,B_dev_applications,Mission Development / Planning,BC / Lower Mainland,varies,varies,varies,2,to_assess,to_verify,not_in_final_as_source_register_row,baseline_existing_concept_preserve,"preserve, dedupe against final coded sources, then decide connector/workflow",Existing 68-source baseline from earlier Source_Register; keep visible so it is not lost.,existing_68_source_register
port_moody_development_planning,Port Moody Development / Planning,B_dev_applications,Port Moody Development / Planning,BC / Lower Mainland,varies,varies,varies,2,to_assess,to_verify,not_in_final_as_source_register_row,baseline_existing_concept_preserve,"preserve, dedupe against final coded sources, then decide connector/workflow",Existing 68-source baseline from earlier Source_Register; keep visible so it is not lost.,existing_68_source_register
small_municipalities_village_sources,Small Municipalities / Village Sources,B_dev_applications,Small Municipalities / Village Sources,BC / Lower Mainland,varies,varies,varies,2,to_assess,to_verify,not_in_final_as_source_register_row,baseline_existing_concept_preserve,"preserve, dedupe against final coded sources, then decide connector/workflow",Existing 68-source baseline from earlier Source_Register; keep visible so it is not lost.,existing_68_source_register
west_vancouver_development_planning,West Vancouver Development / Planning,B_dev_applications,West Vancouver Development / Planning,BC / Lower Mainland,varies,varies,varies,2,to_assess,to_verify,not_in_final_as_source_register_row,baseline_existing_concept_preserve,"preserve, dedupe against final coded sources, then decide connector/workflow",Existing 68-source baseline from earlier Source_Register; keep visible so it is not lost.,existing_68_source_register
white_rock_development_planning,White Rock Development / Planning,B_dev_applications,White Rock Development / Planning,BC / Lower Mainland,varies,varies,varies,2,to_assess,to_verify,not_in_final_as_source_register_row,baseline_existing_concept_preserve,"preserve, dedupe against final coded sources, then decide connector/workflow",Existing 68-source baseline from earlier Source_Register; keep visible so it is not lost.,existing_68_source_register
surrey_planning_reports_odi_cosmos,Surrey Planning Reports / ODI / COSMOS,C_council_agendas,Surrey Planning Reports / ODI / COSMOS,BC / Lower Mainland,varies,varies,varies,2,to_assess,to_verify,not_in_final_as_source_register_row,baseline_existing_concept_preserve,"preserve, dedupe against final coded sources, then decide connector/workflow",Existing 68-source baseline from earlier Source_Register; keep visible so it is not lost.,existing_68_source_register
maple_ridge_council_agendas,Maple Ridge Council Agendas,C_council_agendas,Maple Ridge Council Agendas,BC / Lower Mainland,varies,varies,varies,2,to_assess,to_verify,not_in_final_as_source_register_row,baseline_existing_concept_preserve,"preserve, dedupe against final coded sources, then decide connector/workflow",Existing 68-source baseline from earlier Source_Register; keep visible so it is not lost.,existing_68_source_register
municipal_council_committee_agendas,Municipal Council / Committee Agendas,C_council_agendas,Municipal Council / Committee Agendas,BC / Lower Mainland,varies,varies,varies,2,to_assess,to_verify,not_in_final_as_source_register_row,baseline_existing_concept_preserve,"preserve, dedupe against final coded sources, then decide connector/workflow",Existing 68-source baseline from earlier Source_Register; keep visible so it is not lost.,existing_68_source_register
bc_major_projects_inventory,BC Major Projects Inventory,D_capital_future_infrastructure,BC Major Projects Inventory,BC / Lower Mainland,varies,varies,varies,2,to_assess,to_verify,not_in_final_as_source_register_row,baseline_existing_concept_preserve,"preserve, dedupe against final coded sources, then decide connector/workflow",Existing 68-source baseline from earlier Source_Register; keep visible so it is not lost.,existing_68_source_register
bc_moti_capital_service_plan,BC MoTI Capital / Service Plan,D_capital_future_infrastructure,BC MoTI Capital / Service Plan,BC / Lower Mainland,varies,varies,varies,2,to_assess,to_verify,not_in_final_as_source_register_row,baseline_existing_concept_preserve,"preserve, dedupe against final coded sources, then decide connector/workflow",Existing 68-source baseline from earlier Source_Register; keep visible so it is not lost.,existing_68_source_register
metro_vancouver_capital_program,Metro Vancouver — Capital Program,D_capital_future_infrastructure,Metro Vancouver — Capital Program,BC / Lower Mainland,varies,varies,varies,2,to_assess,to_verify,not_in_final_as_source_register_row,baseline_existing_concept_preserve,"preserve, dedupe against final coded sources, then decide connector/workflow",Existing 68-source baseline from earlier Source_Register; keep visible so it is not lost.,existing_68_source_register
translink_capital_investment_plan,TransLink Capital / Investment Plan,D_capital_future_infrastructure,TransLink Capital / Investment Plan,BC / Lower Mainland,varies,varies,varies,2,to_assess,to_verify,not_in_final_as_source_register_row,baseline_existing_concept_preserve,"preserve, dedupe against final coded sources, then decide connector/workflow",Existing 68-source baseline from earlier Source_Register; keep visible so it is not lost.,existing_68_source_register
infrastructure_bc_major_projects,Infrastructure BC Major Projects,D_capital_future_infrastructure,Infrastructure BC Major Projects,BC / Lower Mainland,varies,varies,varies,2,to_assess,to_verify,not_in_final_as_source_register_row,baseline_existing_concept_preserve,"preserve, dedupe against final coded sources, then decide connector/workflow",Existing 68-source baseline from earlier Source_Register; keep visible so it is not lost.,existing_68_source_register
municipal_capital_plans_financial_plans,Municipal Capital Plans / Financial Plans,D_capital_future_infrastructure,Municipal Capital Plans / Financial Plans,BC / Lower Mainland,varies,varies,varies,2,to_assess,to_verify,not_in_final_as_source_register_row,baseline_existing_concept_preserve,"preserve, dedupe against final coded sources, then decide connector/workflow",Existing 68-source baseline from earlier Source_Register; keep visible so it is not lost.,existing_68_source_register
bc_budget_capital_plan,BC Budget Capital Plan,D_capital_future_infrastructure,BC Budget Capital Plan,BC / Lower Mainland,varies,varies,varies,2,to_assess,to_verify,not_in_final_as_source_register_row,baseline_existing_concept_preserve,"preserve, dedupe against final coded sources, then decide connector/workflow",Existing 68-source baseline from earlier Source_Register; keep visible so it is not lost.,existing_68_source_register
bc_hydro_capital_project_pipeline,BC Hydro Capital / Project Pipeline,D_capital_future_infrastructure,BC Hydro Capital / Project Pipeline,BC / Lower Mainland,varies,varies,varies,2,to_assess,to_verify,not_in_final_as_source_register_row,baseline_existing_concept_preserve,"preserve, dedupe against final coded sources, then decide connector/workflow",Existing 68-source baseline from earlier Source_Register; keep visible so it is not lost.,existing_68_source_register
infrastructure_canada_public_transit_fund,Infrastructure Canada / Public Transit Fund,D_capital_future_infrastructure,Infrastructure Canada / Public Transit Fund,BC / Lower Mainland,varies,varies,varies,2,to_assess,to_verify,not_in_final_as_source_register_row,baseline_existing_concept_preserve,"preserve, dedupe against final coded sources, then decide connector/workflow",Existing 68-source baseline from earlier Source_Register; keep visible so it is not lost.,existing_68_source_register
constructconnect_daily_commercial_news,ConstructConnect / Daily Commercial News,E_paid_intelligence,ConstructConnect / Daily Commercial News,BC / Lower Mainland,varies,varies,varies,2,to_assess,to_verify,not_in_final_as_source_register_row,baseline_existing_concept_preserve,"preserve, dedupe against final coded sources, then decide connector/workflow",Existing 68-source baseline from earlier Source_Register; keep visible so it is not lost.,existing_68_source_register
dodge_construction_network,Dodge Construction Network,E_paid_intelligence,Dodge Construction Network,BC / Lower Mainland,varies,varies,varies,2,to_assess,to_verify,not_in_final_as_source_register_row,baseline_existing_concept_preserve,"preserve, dedupe against final coded sources, then decide connector/workflow",Existing 68-source baseline from earlier Source_Register; keep visible so it is not lost.,existing_68_source_register
leadmanager,LeadManager,E_paid_intelligence,LeadManager,BC / Lower Mainland,varies,varies,varies,2,to_assess,to_verify,not_in_final_as_source_register_row,baseline_existing_concept_preserve,"preserve, dedupe against final coded sources, then decide connector/workflow",Existing 68-source baseline from earlier Source_Register; keep visible so it is not lost.,existing_68_source_register
permitsca,PermitsCA,E_paid_intelligence,PermitsCA,BC / Lower Mainland,varies,varies,varies,2,to_assess,to_verify,not_in_final_as_source_register_row,baseline_existing_concept_preserve,"preserve, dedupe against final coded sources, then decide connector/workflow",Existing 68-source baseline from earlier Source_Register; keep visible so it is not lost.,existing_68_source_register
planhub,PlanHub,E_paid_intelligence,PlanHub,BC / Lower Mainland,varies,varies,varies,2,to_assess,to_verify,not_in_final_as_source_register_row,baseline_existing_concept_preserve,"preserve, dedupe against final coded sources, then decide connector/workflow",Existing 68-source baseline from earlier Source_Register; keep visible so it is not lost.,existing_68_source_register
buildingconnected_gc_itbs,BuildingConnected / GC ITBs,F_gc_developer_invites,BuildingConnected / GC ITBs,BC / Lower Mainland,varies,varies,varies,2,to_assess,to_verify,not_in_final_as_source_register_row,baseline_existing_concept_preserve,"preserve, dedupe against final coded sources, then decide connector/workflow",Existing 68-source baseline from earlier Source_Register; keep visible so it is not lost.,existing_68_source_register
estimator_inbox_auto_forward,Estimator Inbox Auto-Forward,F_gc_developer_invites,Estimator Inbox Auto-Forward,BC / Lower Mainland,varies,varies,varies,2,to_assess,to_verify,not_in_final_as_source_register_row,baseline_existing_concept_preserve,"preserve, dedupe against final coded sources, then decide connector/workflow",Existing 68-source baseline from earlier Source_Register; keep visible so it is not lost.,existing_68_source_register
known_gc_developer_subcontractor_portals,Known GC / Developer Subcontractor Portals,F_gc_developer_invites,Known GC / Developer Subcontractor Portals,BC / Lower Mainland,varies,varies,varies,2,to_assess,to_verify,not_in_final_as_source_register_row,baseline_existing_concept_preserve,"preserve, dedupe against final coded sources, then decide connector/workflow",Existing 68-source baseline from earlier Source_Register; keep visible so it is not lost.,existing_68_source_register
procore_gc_bid_invitations,Procore GC Bid Invitations,F_gc_developer_invites,Procore GC Bid Invitations,BC / Lower Mainland,varies,varies,varies,2,to_assess,to_verify,not_in_final_as_source_register_row,baseline_existing_concept_preserve,"preserve, dedupe against final coded sources, then decide connector/workflow",Existing 68-source baseline from earlier Source_Register; keep visible so it is not lost.,existing_68_source_register
smartbid_isqft_tradetapp,SmartBid / iSqFt / TradeTapp,F_gc_developer_invites,SmartBid / iSqFt / TradeTapp,BC / Lower Mainland,varies,varies,varies,2,to_assess,to_verify,not_in_final_as_source_register_row,baseline_existing_concept_preserve,"preserve, dedupe against final coded sources, then decide connector/workflow",Existing 68-source baseline from earlier Source_Register; keep visible so it is not lost.,existing_68_source_register
developer_announcements_land_assembly,Developer Announcements / Land Assembly,F_gc_developer_invites,Developer Announcements / Land Assembly,BC / Lower Mainland,varies,varies,varies,2,to_assess,to_verify,not_in_final_as_source_register_row,baseline_existing_concept_preserve,"preserve, dedupe against final coded sources, then decide connector/workflow",Existing 68-source baseline from earlier Source_Register; keep visible so it is not lost.,existing_68_source_register
journal_of_commerce_top_bc_projects,Journal of Commerce / Top BC Projects,G_news_early_signal,Journal of Commerce / Top BC Projects,BC / Lower Mainland,varies,varies,varies,2,to_assess,to_verify,not_in_final_as_source_register_row,baseline_existing_concept_preserve,"preserve, dedupe against final coded sources, then decide connector/workflow",Existing 68-source baseline from earlier Source_Register; keep visible so it is not lost.,existing_68_source_register
daily_hive_urbanized,Daily Hive Urbanized,G_news_early_signal,Daily Hive Urbanized,BC / Lower Mainland,varies,varies,varies,2,to_assess,to_verify,not_in_final_as_source_register_row,baseline_existing_concept_preserve,"preserve, dedupe against final coded sources, then decide connector/workflow",Existing 68-source baseline from earlier Source_Register; keep visible so it is not lost.,existing_68_source_register
sitenews,SiteNews,G_news_early_signal,SiteNews,BC / Lower Mainland,varies,varies,varies,2,to_assess,to_verify,not_in_final_as_source_register_row,baseline_existing_concept_preserve,"preserve, dedupe against final coded sources, then decide connector/workflow",Existing 68-source baseline from earlier Source_Register; keep visible so it is not lost.,existing_68_source_register
storeys,Storeys,G_news_early_signal,Storeys,BC / Lower Mainland,varies,varies,varies,2,to_assess,to_verify,not_in_final_as_source_register_row,baseline_existing_concept_preserve,"preserve, dedupe against final coded sources, then decide connector/workflow",Existing 68-source baseline from earlier Source_Register; keep visible so it is not lost.,existing_68_source_register
business_in_vancouver_western_investor,Business in Vancouver / Western Investor,G_news_early_signal,Business in Vancouver / Western Investor,BC / Lower Mainland,varies,varies,varies,2,to_assess,to_verify,not_in_final_as_source_register_row,baseline_existing_concept_preserve,"preserve, dedupe against final coded sources, then decide connector/workflow",Existing 68-source baseline from earlier Source_Register; keep visible so it is not lost.,existing_68_source_register
client_fn_port_pr_channels,Client / FN / Port PR Channels,G_news_early_signal,Client / FN / Port PR Channels,BC / Lower Mainland,varies,varies,varies,2,to_assess,to_verify,not_in_final_as_source_register_row,baseline_existing_concept_preserve,"preserve, dedupe against final coded sources, then decide connector/workflow",Existing 68-source baseline from earlier Source_Register; keep visible so it is not lost.,existing_68_source_register
daily_commercial_news,Daily Commercial News,G_news_early_signal,Daily Commercial News,BC / Lower Mainland,varies,varies,varies,2,to_assess,to_verify,not_in_final_as_source_register_row,baseline_existing_concept_preserve,"preserve, dedupe against final coded sources, then decide connector/workflow",Existing 68-source baseline from earlier Source_Register; keep visible so it is not lost.,existing_68_source_register
local_news_community_papers,Local News / Community Papers,G_news_early_signal,Local News / Community Papers,BC / Lower Mainland,varies,varies,varies,2,to_assess,to_verify,not_in_final_as_source_register_row,baseline_existing_concept_preserve,"preserve, dedupe against final coded sources, then decide connector/workflow",Existing 68-source baseline from earlier Source_Register; keep visible so it is not lost.,existing_68_source_register
municipal_news_press_releases,Municipal News / Press Releases,G_news_early_signal,Municipal News / Press Releases,BC / Lower Mainland,varies,varies,varies,2,to_assess,to_verify,not_in_final_as_source_register_row,baseline_existing_concept_preserve,"preserve, dedupe against final coded sources, then decide connector/workflow",Existing 68-source baseline from earlier Source_Register; keep visible so it is not lost.,existing_68_source_register
fraser_health_procurement,Fraser Health procurement / bid opportunities,A_active_tender,Fraser Health,BC / Lower Mainland,HTML listing / portal / to_verify,active tender,Active_Tenders,2,to_assess,to_verify,not_in_final_coded_sources,new_candidate_to_dedupe,verify official procurement page and platform; add alert/manual workflow if no API,"Health authority procurement/capital sources can include site works, utilities, parking, enabling works, and civil packages.",candidate_expansion_seed
vancouver_coastal_health_procurement,Vancouver Coastal Health procurement / bid opportunities,A_active_tender,Vancouver Coastal Health,BC / Lower Mainland,HTML listing / portal / to_verify,active tender,Active_Tenders,2,to_assess,to_verify,not_in_final_coded_sources,new_candidate_to_dedupe,verify official procurement page and platform; add alert/manual workflow if no API,"Health authority procurement/capital sources can include site works, utilities, parking, enabling works, and civil packages.",candidate_expansion_seed
provincial_health_services_authority_procurement,Provincial Health Services Authority procurement / bid opportunities,A_active_tender,Provincial Health Services Authority,BC / Lower Mainland,HTML listing / portal / to_verify,active tender,Active_Tenders,2,to_assess,to_verify,not_in_final_coded_sources,new_candidate_to_dedupe,verify official procurement page and platform; add alert/manual workflow if no API,"Health authority procurement/capital sources can include site works, utilities, parking, enabling works, and civil packages.",candidate_expansion_seed
providence_health_care_procurement,Providence Health Care procurement / bid opportunities,A_active_tender,Providence Health Care,BC / Lower Mainland,HTML listing / portal / to_verify,active tender,Active_Tenders,2,to_assess,to_verify,not_in_final_coded_sources,new_candidate_to_dedupe,verify official procurement page and platform; add alert/manual workflow if no API,"Health authority procurement/capital sources can include site works, utilities, parking, enabling works, and civil packages.",candidate_expansion_seed
bc_cancer_procurement,BC Cancer procurement / bid opportunities,A_active_tender,BC Cancer,BC / Lower Mainland,HTML listing / portal / to_verify,active tender,Active_Tenders,2,to_assess,to_verify,not_in_final_coded_sources,new_candidate_to_dedupe,verify official procurement page and platform; add alert/manual workflow if no API,"Health authority procurement/capital sources can include site works, utilities, parking, enabling works, and civil packages.",candidate_expansion_seed
bc_children_s_hospital_bc_women_s_hospital_redevelopment_pro,BC Children's Hospital / BC Women's Hospital Redevelopment procurement / bid opportunities,A_active_tender,BC Children's Hospital / BC Women's Hospital Redevelopment,BC / Lower Mainland,HTML listing / portal / to_verify,active tender,Active_Tenders,2,to_assess,to_verify,not_in_final_coded_sources,new_candidate_to_dedupe,verify official procurement page and platform; add alert/manual workflow if no API,"Health authority procurement/capital sources can include site works, utilities, parking, enabling works, and civil packages.",candidate_expansion_seed
fraser_health_capital_plan,Fraser Health capital plan / major projects,D_capital_future_infrastructure,Fraser Health,BC / Lower Mainland,PDF / HTML / board report / to_verify,future project / capital plan,Future_Projects,2,manual_or_pdf_p3,public_to_verify,not_in_final_coded_sources,new_candidate_to_dedupe,verify capital plan/project page and extract civil-relevant pipeline,Health capital plans/board reports can signal future civil/enabling works around hospitals and clinics.,candidate_expansion_seed
vancouver_coastal_health_capital_plan,Vancouver Coastal Health capital plan / major projects,D_capital_future_infrastructure,Vancouver Coastal Health,BC / Lower Mainland,PDF / HTML / board report / to_verify,future project / capital plan,Future_Projects,2,manual_or_pdf_p3,public_to_verify,not_in_final_coded_sources,new_candidate_to_dedupe,verify capital plan/project page and extract civil-relevant pipeline,Health capital plans/board reports can signal future civil/enabling works around hospitals and clinics.,candidate_expansion_seed
provincial_health_services_authority_capital_plan,Provincial Health Services Authority capital plan / major projects,D_capital_future_infrastructure,Provincial Health Services Authority,BC / Lower Mainland,PDF / HTML / board report / to_verify,future project / capital plan,Future_Projects,2,manual_or_pdf_p3,public_to_verify,not_in_final_coded_sources,new_candidate_to_dedupe,verify capital plan/project page and extract civil-relevant pipeline,Health capital plans/board reports can signal future civil/enabling works around hospitals and clinics.,candidate_expansion_seed
providence_health_care_capital_plan,Providence Health Care capital plan / major projects,D_capital_future_infrastructure,Providence Health Care,BC / Lower Mainland,PDF / HTML / board report / to_verify,future project / capital plan,Future_Projects,2,manual_or_pdf_p3,public_to_verify,not_in_final_coded_sources,new_candidate_to_dedupe,verify capital plan/project page and extract civil-relevant pipeline,Health capital plans/board reports can signal future civil/enabling works around hospitals and clinics.,candidate_expansion_seed
school_district_33_chilliwack_procurement,School District 33 Chilliwack procurement / bid opportunities,A_active_tender,School District 33 Chilliwack,BC / Lower Mainland,HTML listing / portal / to_verify,active tender,Active_Tenders,2,to_assess,to_verify,not_in_final_coded_sources,new_candidate_to_dedupe,verify official procurement page and platform; add alert/manual workflow if no API,"School district procurement/capital sources can include civil/site works, drainage, paving, parking, utilities, and playground/site prep.",candidate_expansion_seed
school_district_34_abbotsford_procurement,School District 34 Abbotsford procurement / bid opportunities,A_active_tender,School District 34 Abbotsford,BC / Lower Mainland,HTML listing / portal / to_verify,active tender,Active_Tenders,2,to_assess,to_verify,not_in_final_coded_sources,new_candidate_to_dedupe,verify official procurement page and platform; add alert/manual workflow if no API,"School district procurement/capital sources can include civil/site works, drainage, paving, parking, utilities, and playground/site prep.",candidate_expansion_seed
school_district_36_surrey_procurement,School District 36 Surrey procurement / bid opportunities,A_active_tender,School District 36 Surrey,BC / Lower Mainland,HTML listing / portal / to_verify,active tender,Active_Tenders,2,to_assess,to_verify,not_in_final_coded_sources,new_candidate_to_dedupe,verify official procurement page and platform; add alert/manual workflow if no API,"School district procurement/capital sources can include civil/site works, drainage, paving, parking, utilities, and playground/site prep.",candidate_expansion_seed
school_district_37_delta_procurement,School District 37 Delta procurement / bid opportunities,A_active_tender,School District 37 Delta,BC / Lower Mainland,HTML listing / portal / to_verify,active tender,Active_Tenders,2,to_assess,to_verify,not_in_final_coded_sources,new_candidate_to_dedupe,verify official procurement page and platform; add alert/manual workflow if no API,"School district procurement/capital sources can include civil/site works, drainage, paving, parking, utilities, and playground/site prep.",candidate_expansion_seed
school_district_38_richmond_procurement,School District 38 Richmond procurement / bid opportunities,A_active_tender,School District 38 Richmond,BC / Lower Mainland,HTML listing / portal / to_verify,active tender,Active_Tenders,2,to_assess,to_verify,not_in_final_coded_sources,new_candidate_to_dedupe,verify official procurement page and platform; add alert/manual workflow if no API,"School district procurement/capital sources can include civil/site works, drainage, paving, parking, utilities, and playground/site prep.",candidate_expansion_seed
school_district_39_vancouver_procurement,School District 39 Vancouver procurement / bid opportunities,A_active_tender,School District 39 Vancouver,BC / Lower Mainland,HTML listing / portal / to_verify,active tender,Active_Tenders,2,to_assess,to_verify,not_in_final_coded_sources,new_candidate_to_dedupe,verify official procurement page and platform; add alert/manual workflow if no API,"School district procurement/capital sources can include civil/site works, drainage, paving, parking, utilities, and playground/site prep.",candidate_expansion_seed
school_district_40_new_westminster_procurement,School District 40 New Westminster procurement / bid opportunities,A_active_tender,School District 40 New Westminster,BC / Lower Mainland,HTML listing / portal / to_verify,active tender,Active_Tenders,2,to_assess,to_verify,not_in_final_coded_sources,new_candidate_to_dedupe,verify official procurement page and platform; add alert/manual workflow if no API,"School district procurement/capital sources can include civil/site works, drainage, paving, parking, utilities, and playground/site prep.",candidate_expansion_seed
school_district_41_burnaby_procurement,School District 41 Burnaby procurement / bid opportunities,A_active_tender,School District 41 Burnaby,BC / Lower Mainland,HTML listing / portal / to_verify,active tender,Active_Tenders,2,to_assess,to_verify,not_in_final_coded_sources,new_candidate_to_dedupe,verify official procurement page and platform; add alert/manual workflow if no API,"School district procurement/capital sources can include civil/site works, drainage, paving, parking, utilities, and playground/site prep.",candidate_expansion_seed
school_district_42_maple_ridge_pitt_meadows_procurement,School District 42 Maple Ridge Pitt Meadows procurement / bid opportunities,A_active_tender,School District 42 Maple Ridge Pitt Meadows,BC / Lower Mainland,HTML listing / portal / to_verify,active tender,Active_Tenders,2,to_assess,to_verify,not_in_final_coded_sources,new_candidate_to_dedupe,verify official procurement page and platform; add alert/manual workflow if no API,"School district procurement/capital sources can include civil/site works, drainage, paving, parking, utilities, and playground/site prep.",candidate_expansion_seed
school_district_43_coquitlam_procurement,School District 43 Coquitlam procurement / bid opportunities,A_active_tender,School District 43 Coquitlam,BC / Lower Mainland,HTML listing / portal / to_verify,active tender,Active_Tenders,2,to_assess,to_verify,not_in_final_coded_sources,new_candidate_to_dedupe,verify official procurement page and platform; add alert/manual workflow if no API,"School district procurement/capital sources can include civil/site works, drainage, paving, parking, utilities, and playground/site prep.",candidate_expansion_seed
school_district_44_north_vancouver_procurement,School District 44 North Vancouver procurement / bid opportunities,A_active_tender,School District 44 North Vancouver,BC / Lower Mainland,HTML listing / portal / to_verify,active tender,Active_Tenders,2,to_assess,to_verify,not_in_final_coded_sources,new_candidate_to_dedupe,verify official procurement page and platform; add alert/manual workflow if no API,"School district procurement/capital sources can include civil/site works, drainage, paving, parking, utilities, and playground/site prep.",candidate_expansion_seed
school_district_45_west_vancouver_procurement,School District 45 West Vancouver procurement / bid opportunities,A_active_tender,School District 45 West Vancouver,BC / Lower Mainland,HTML listing / portal / to_verify,active tender,Active_Tenders,2,to_assess,to_verify,not_in_final_coded_sources,new_candidate_to_dedupe,verify official procurement page and platform; add alert/manual workflow if no API,"School district procurement/capital sources can include civil/site works, drainage, paving, parking, utilities, and playground/site prep.",candidate_expansion_seed
school_district_75_mission_procurement,School District 75 Mission procurement / bid opportunities,A_active_tender,School District 75 Mission,BC / Lower Mainland,HTML listing / portal / to_verify,active tender,Active_Tenders,2,to_assess,to_verify,not_in_final_coded_sources,new_candidate_to_dedupe,verify official procurement page and platform; add alert/manual workflow if no API,"School district procurement/capital sources can include civil/site works, drainage, paving, parking, utilities, and playground/site prep.",candidate_expansion_seed
school_district_33_chilliwack_capital_plan,School District 33 Chilliwack capital plan / major projects,D_capital_future_infrastructure,School District 33 Chilliwack,BC / Lower Mainland,PDF / HTML / board report / to_verify,future project / capital plan,Future_Projects,2,manual_or_pdf_p3,public_to_verify,not_in_final_coded_sources,new_candidate_to_dedupe,verify capital plan/project page and extract civil-relevant pipeline,"Potential capital plan / project pipeline source; verify official capital plan, budget, board report, or projects page.",candidate_expansion_seed
school_district_34_abbotsford_capital_plan,School District 34 Abbotsford capital plan / major projects,D_capital_future_infrastructure,School District 34 Abbotsford,BC / Lower Mainland,PDF / HTML / board report / to_verify,future project / capital plan,Future_Projects,2,manual_or_pdf_p3,public_to_verify,not_in_final_coded_sources,new_candidate_to_dedupe,verify capital plan/project page and extract civil-relevant pipeline,"Potential capital plan / project pipeline source; verify official capital plan, budget, board report, or projects page.",candidate_expansion_seed
school_district_36_surrey_capital_plan,School District 36 Surrey capital plan / major projects,D_capital_future_infrastructure,School District 36 Surrey,BC / Lower Mainland,PDF / HTML / board report / to_verify,future project / capital plan,Future_Projects,2,manual_or_pdf_p3,public_to_verify,not_in_final_coded_sources,new_candidate_to_dedupe,verify capital plan/project page and extract civil-relevant pipeline,"Potential capital plan / project pipeline source; verify official capital plan, budget, board report, or projects page.",candidate_expansion_seed
school_district_42_maple_ridge_pitt_meadows_capital_plan,School District 42 Maple Ridge Pitt Meadows capital plan / major projects,D_capital_future_infrastructure,School District 42 Maple Ridge Pitt Meadows,BC / Lower Mainland,PDF / HTML / board report / to_verify,future project / capital plan,Future_Projects,2,manual_or_pdf_p3,public_to_verify,not_in_final_coded_sources,new_candidate_to_dedupe,verify capital plan/project page and extract civil-relevant pipeline,"Potential capital plan / project pipeline source; verify official capital plan, budget, board report, or projects page.",candidate_expansion_seed
school_district_43_coquitlam_capital_plan,School District 43 Coquitlam capital plan / major projects,D_capital_future_infrastructure,School District 43 Coquitlam,BC / Lower Mainland,PDF / HTML / board report / to_verify,future project / capital plan,Future_Projects,2,manual_or_pdf_p3,public_to_verify,not_in_final_coded_sources,new_candidate_to_dedupe,verify capital plan/project page and extract civil-relevant pipeline,"Potential capital plan / project pipeline source; verify official capital plan, budget, board report, or projects page.",candidate_expansion_seed
school_district_35_langley_capital_plan,School District 35 Langley capital plan / major projects,D_capital_future_infrastructure,School District 35 Langley,BC / Lower Mainland,PDF / HTML / board report / to_verify,future project / capital plan,Future_Projects,2,manual_or_pdf_p3,public_to_verify,not_in_final_coded_sources,new_candidate_to_dedupe,verify capital plan/project page and extract civil-relevant pipeline,"Potential capital plan / project pipeline source; verify official capital plan, budget, board report, or projects page.",candidate_expansion_seed
university_of_british_columbia_procurement,University of British Columbia procurement / bid opportunities,A_active_tender,University of British Columbia,BC / Lower Mainland,HTML listing / portal / to_verify,active tender,Active_Tenders,2,to_assess,to_verify,not_in_final_coded_sources,new_candidate_to_dedupe,verify official procurement page and platform; add alert/manual workflow if no API,"Post-secondary procurement can include civil/site servicing, campus utilities, road/parking/drainage works.",candidate_expansion_seed
simon_fraser_university_procurement,Simon Fraser University procurement / bid opportunities,A_active_tender,Simon Fraser University,BC / Lower Mainland,HTML listing / portal / to_verify,active tender,Active_Tenders,2,to_assess,to_verify,not_in_final_coded_sources,new_candidate_to_dedupe,verify official procurement page and platform; add alert/manual workflow if no API,"Post-secondary procurement can include civil/site servicing, campus utilities, road/parking/drainage works.",candidate_expansion_seed
bcit_procurement,BCIT procurement / bid opportunities,A_active_tender,BCIT,BC / Lower Mainland,HTML listing / portal / to_verify,active tender,Active_Tenders,2,to_assess,to_verify,not_in_final_coded_sources,new_candidate_to_dedupe,verify official procurement page and platform; add alert/manual workflow if no API,"Post-secondary procurement can include civil/site servicing, campus utilities, road/parking/drainage works.",candidate_expansion_seed
university_of_the_fraser_valley_procurement,University of the Fraser Valley procurement / bid opportunities,A_active_tender,University of the Fraser Valley,BC / Lower Mainland,HTML listing / portal / to_verify,active tender,Active_Tenders,2,to_assess,to_verify,not_in_final_coded_sources,new_candidate_to_dedupe,verify official procurement page and platform; add alert/manual workflow if no API,"Post-secondary procurement can include civil/site servicing, campus utilities, road/parking/drainage works.",candidate_expansion_seed
douglas_college_procurement,Douglas College procurement / bid opportunities,A_active_tender,Douglas College,BC / Lower Mainland,HTML listing / portal / to_verify,active tender,Active_Tenders,2,to_assess,to_verify,not_in_final_coded_sources,new_candidate_to_dedupe,verify official procurement page and platform; add alert/manual workflow if no API,"Post-secondary procurement can include civil/site servicing, campus utilities, road/parking/drainage works.",candidate_expansion_seed
langara_college_procurement,Langara College procurement / bid opportunities,A_active_tender,Langara College,BC / Lower Mainland,HTML listing / portal / to_verify,active tender,Active_Tenders,2,to_assess,to_verify,not_in_final_coded_sources,new_candidate_to_dedupe,verify official procurement page and platform; add alert/manual workflow if no API,"Post-secondary procurement can include civil/site servicing, campus utilities, road/parking/drainage works.",candidate_expansion_seed
vancouver_community_college_procurement,Vancouver Community College procurement / bid opportunities,A_active_tender,Vancouver Community College,BC / Lower Mainland,HTML listing / portal / to_verify,active tender,Active_Tenders,2,to_assess,to_verify,not_in_final_coded_sources,new_candidate_to_dedupe,verify official procurement page and platform; add alert/manual workflow if no API,"Post-secondary procurement can include civil/site servicing, campus utilities, road/parking/drainage works.",candidate_expansion_seed
capilano_university_procurement,Capilano University procurement / bid opportunities,A_active_tender,Capilano University,BC / Lower Mainland,HTML listing / portal / to_verify,active tender,Active_Tenders,2,to_assess,to_verify,not_in_final_coded_sources,new_candidate_to_dedupe,verify official procurement page and platform; add alert/manual workflow if no API,"Post-secondary procurement can include civil/site servicing, campus utilities, road/parking/drainage works.",candidate_expansion_seed
emily_carr_university_procurement,Emily Carr University procurement / bid opportunities,A_active_tender,Emily Carr University,BC / Lower Mainland,HTML listing / portal / to_verify,active tender,Active_Tenders,2,to_assess,to_verify,not_in_final_coded_sources,new_candidate_to_dedupe,verify official procurement page and platform; add alert/manual workflow if no API,"Post-secondary procurement can include civil/site servicing, campus utilities, road/parking/drainage works.",candidate_expansion_seed
university_of_british_columbia_capital_plan,University of British Columbia capital plan / major projects,D_capital_future_infrastructure,University of British Columbia,BC / Lower Mainland,PDF / HTML / board report / to_verify,future project / capital plan,Future_Projects,3,manual_or_pdf_p3,public_to_verify,not_in_final_coded_sources,new_candidate_to_dedupe,verify capital plan/project page and extract civil-relevant pipeline,"Potential capital plan / project pipeline source; verify official capital plan, budget, board report, or projects page.",candidate_expansion_seed
simon_fraser_university_capital_plan,Simon Fraser University capital plan / major projects,D_capital_future_infrastructure,Simon Fraser University,BC / Lower Mainland,PDF / HTML / board report / to_verify,future project / capital plan,Future_Projects,3,manual_or_pdf_p3,public_to_verify,not_in_final_coded_sources,new_candidate_to_dedupe,verify capital plan/project page and extract civil-relevant pipeline,"Potential capital plan / project pipeline source; verify official capital plan, budget, board report, or projects page.",candidate_expansion_seed
bcit_capital_plan,BCIT capital plan / major projects,D_capital_future_infrastructure,BCIT,BC / Lower Mainland,PDF / HTML / board report / to_verify,future project / capital plan,Future_Projects,3,manual_or_pdf_p3,public_to_verify,not_in_final_coded_sources,new_candidate_to_dedupe,verify capital plan/project page and extract civil-relevant pipeline,"Potential capital plan / project pipeline source; verify official capital plan, budget, board report, or projects page.",candidate_expansion_seed
university_of_the_fraser_valley_capital_plan,University of the Fraser Valley capital plan / major projects,D_capital_future_infrastructure,University of the Fraser Valley,BC / Lower Mainland,PDF / HTML / board report / to_verify,future project / capital plan,Future_Projects,3,manual_or_pdf_p3,public_to_verify,not_in_final_coded_sources,new_candidate_to_dedupe,verify capital plan/project page and extract civil-relevant pipeline,"Potential capital plan / project pipeline source; verify official capital plan, budget, board report, or projects page.",candidate_expansion_seed
douglas_college_capital_plan,Douglas College capital plan / major projects,D_capital_future_infrastructure,Douglas College,BC / Lower Mainland,PDF / HTML / board report / to_verify,future project / capital plan,Future_Projects,3,manual_or_pdf_p3,public_to_verify,not_in_final_coded_sources,new_candidate_to_dedupe,verify capital plan/project page and extract civil-relevant pipeline,"Potential capital plan / project pipeline source; verify official capital plan, budget, board report, or projects page.",candidate_expansion_seed
bc_hydro_procurement,BC Hydro procurement / bid opportunities,A_active_tender,BC Hydro,BC / Lower Mainland,HTML listing / portal / to_verify,active tender,Active_Tenders,1,to_assess,to_verify,not_in_final_coded_sources,new_candidate_to_dedupe,verify official procurement page and platform; add alert/manual workflow if no API,"Owner/operator procurement source; high relevance where civil, utilities, roads, yards, terminals, stations, substations, or enabling works appear.",candidate_expansion_seed
fortisbc_procurement,FortisBC procurement / bid opportunities,A_active_tender,FortisBC,BC / Lower Mainland,HTML listing / portal / to_verify,active tender,Active_Tenders,1,to_assess,to_verify,not_in_final_coded_sources,new_candidate_to_dedupe,verify official procurement page and platform; add alert/manual workflow if no API,"Owner/operator procurement source; high relevance where civil, utilities, roads, yards, terminals, stations, substations, or enabling works appear.",candidate_expansion_seed
translink_procurement,TransLink procurement / bid opportunities,A_active_tender,TransLink,BC / Lower Mainland,HTML listing / portal / to_verify,active tender,Active_Tenders,1,to_assess,to_verify,not_in_final_coded_sources,new_candidate_to_dedupe,verify official procurement page and platform; add alert/manual workflow if no API,"Owner/operator procurement source; high relevance where civil, utilities, roads, yards, terminals, stations, substations, or enabling works appear.",candidate_expansion_seed
bc_transit_procurement,BC Transit procurement / bid opportunities,A_active_tender,BC Transit,BC / Lower Mainland,HTML listing / portal / to_verify,active tender,Active_Tenders,1,to_assess,to_verify,not_in_final_coded_sources,new_candidate_to_dedupe,verify official procurement page and platform; add alert/manual workflow if no API,"Owner/operator procurement source; high relevance where civil, utilities, roads, yards, terminals, stations, substations, or enabling works appear.",candidate_expansion_seed
bc_ferries_procurement,BC Ferries procurement / bid opportunities,A_active_tender,BC Ferries,BC / Lower Mainland,HTML listing / portal / to_verify,active tender,Active_Tenders,1,to_assess,to_verify,not_in_final_coded_sources,new_candidate_to_dedupe,verify official procurement page and platform; add alert/manual workflow if no API,"Owner/operator procurement source; high relevance where civil, utilities, roads, yards, terminals, stations, substations, or enabling works appear.",candidate_expansion_seed
yvr_vancouver_airport_authority_procurement,YVR Vancouver Airport Authority procurement / bid opportunities,A_active_tender,YVR Vancouver Airport Authority,BC / Lower Mainland,HTML listing / portal / to_verify,active tender,Active_Tenders,1,to_assess,to_verify,not_in_final_coded_sources,new_candidate_to_dedupe,verify official procurement page and platform; add alert/manual workflow if no API,"Owner/operator procurement source; high relevance where civil, utilities, roads, yards, terminals, stations, substations, or enabling works appear.",candidate_expansion_seed
vancouver_fraser_port_authority_port_of_vancouver_procuremen,Vancouver Fraser Port Authority / Port of Vancouver procurement / bid opportunities,A_active_tender,Vancouver Fraser Port Authority / Port of Vancouver,BC / Lower Mainland,HTML listing / portal / to_verify,active tender,Active_Tenders,1,to_assess,to_verify,not_in_final_coded_sources,new_candidate_to_dedupe,verify official procurement page and platform; add alert/manual workflow if no API,"Owner/operator procurement source; high relevance where civil, utilities, roads, yards, terminals, stations, substations, or enabling works appear.",candidate_expansion_seed
dp_world_canada_procurement,DP World Canada procurement / bid opportunities,A_active_tender,DP World Canada,BC / Lower Mainland,HTML listing / portal / to_verify,active tender,Active_Tenders,1,to_assess,to_verify,not_in_final_coded_sources,new_candidate_to_dedupe,verify official procurement page and platform; add alert/manual workflow if no API,"Owner/operator procurement source; high relevance where civil, utilities, roads, yards, terminals, stations, substations, or enabling works appear.",candidate_expansion_seed
seaspan_procurement,Seaspan procurement / bid opportunities,A_active_tender,Seaspan,BC / Lower Mainland,HTML listing / portal / to_verify,active tender,Active_Tenders,1,to_assess,to_verify,not_in_final_coded_sources,new_candidate_to_dedupe,verify official procurement page and platform; add alert/manual workflow if no API,"Owner/operator procurement source; high relevance where civil, utilities, roads, yards, terminals, stations, substations, or enabling works appear.",candidate_expansion_seed
cn_rail_procurement,CN Rail procurement / bid opportunities,A_active_tender,CN Rail,BC / Lower Mainland,HTML listing / portal / to_verify,active tender,Active_Tenders,1,to_assess,to_verify,not_in_final_coded_sources,new_candidate_to_dedupe,verify official procurement page and platform; add alert/manual workflow if no API,"Owner/operator procurement source; high relevance where civil, utilities, roads, yards, terminals, stations, substations, or enabling works appear.",candidate_expansion_seed
cpkc_rail_procurement,CPKC Rail procurement / bid opportunities,A_active_tender,CPKC Rail,BC / Lower Mainland,HTML listing / portal / to_verify,active tender,Active_Tenders,1,to_assess,to_verify,not_in_final_coded_sources,new_candidate_to_dedupe,verify official procurement page and platform; add alert/manual workflow if no API,"Owner/operator procurement source; high relevance where civil, utilities, roads, yards, terminals, stations, substations, or enabling works appear.",candidate_expansion_seed
bnsf_railway_procurement,BNSF Railway procurement / bid opportunities,A_active_tender,BNSF Railway,BC / Lower Mainland,HTML listing / portal / to_verify,active tender,Active_Tenders,1,to_assess,to_verify,not_in_final_coded_sources,new_candidate_to_dedupe,verify official procurement page and platform; add alert/manual workflow if no API,"Owner/operator procurement source; high relevance where civil, utilities, roads, yards, terminals, stations, substations, or enabling works appear.",candidate_expansion_seed
infrastructure_bc_procurement,Infrastructure BC procurement / bid opportunities,A_active_tender,Infrastructure BC,BC / Lower Mainland,HTML listing / portal / to_verify,active tender,Active_Tenders,1,to_assess,to_verify,not_in_final_coded_sources,new_candidate_to_dedupe,verify official procurement page and platform; add alert/manual workflow if no API,"Owner/operator procurement source; high relevance where civil, utilities, roads, yards, terminals, stations, substations, or enabling works appear.",candidate_expansion_seed
bc_ministry_of_transportation_and_infrastructure_procurement,BC Ministry of Transportation and Infrastructure procurement / bid opportunities,A_active_tender,BC Ministry of Transportation and Infrastructure,BC / Lower Mainland,HTML listing / portal / to_verify,active tender,Active_Tenders,1,to_assess,to_verify,not_in_final_coded_sources,new_candidate_to_dedupe,verify official procurement page and platform; add alert/manual workflow if no API,"Owner/operator procurement source; high relevance where civil, utilities, roads, yards, terminals, stations, substations, or enabling works appear.",candidate_expansion_seed
bc_ministry_of_citizens_services_procurement,BC Ministry of Citizens Services procurement / bid opportunities,A_active_tender,BC Ministry of Citizens Services,BC / Lower Mainland,HTML listing / portal / to_verify,active tender,Active_Tenders,1,to_assess,to_verify,not_in_final_coded_sources,new_candidate_to_dedupe,verify official procurement page and platform; add alert/manual workflow if no API,"Owner/operator procurement source; high relevance where civil, utilities, roads, yards, terminals, stations, substations, or enabling works appear.",candidate_expansion_seed
bc_parks_procurement,BC Parks procurement / bid opportunities,A_active_tender,BC Parks,BC / Lower Mainland,HTML listing / portal / to_verify,active tender,Active_Tenders,1,to_assess,to_verify,not_in_final_coded_sources,new_candidate_to_dedupe,verify official procurement page and platform; add alert/manual workflow if no API,"Owner/operator procurement source; high relevance where civil, utilities, roads, yards, terminals, stations, substations, or enabling works appear.",candidate_expansion_seed
bc_housing_procurement,BC Housing procurement / bid opportunities,A_active_tender,BC Housing,BC / Lower Mainland,HTML listing / portal / to_verify,active tender,Active_Tenders,1,to_assess,to_verify,not_in_final_coded_sources,new_candidate_to_dedupe,verify official procurement page and platform; add alert/manual workflow if no API,"Owner/operator procurement source; high relevance where civil, utilities, roads, yards, terminals, stations, substations, or enabling works appear.",candidate_expansion_seed
icbc_facilities_procurement,ICBC Facilities procurement / bid opportunities,A_active_tender,ICBC Facilities,BC / Lower Mainland,HTML listing / portal / to_verify,active tender,Active_Tenders,1,to_assess,to_verify,not_in_final_coded_sources,new_candidate_to_dedupe,verify official procurement page and platform; add alert/manual workflow if no API,"Owner/operator procurement source; high relevance where civil, utilities, roads, yards, terminals, stations, substations, or enabling works appear.",candidate_expansion_seed
bc_hydro_capital_plan,BC Hydro capital plan / major projects,D_capital_future_infrastructure,BC Hydro,BC / Lower Mainland,PDF / HTML / board report / to_verify,future project / capital plan,Future_Projects,1,manual_or_pdf_p3,public_to_verify,not_in_final_coded_sources,new_candidate_to_dedupe,verify capital plan/project page and extract civil-relevant pipeline,"Potential capital plan / project pipeline source; verify official capital plan, budget, board report, or projects page.",candidate_expansion_seed
fortisbc_capital_plan,FortisBC capital plan / major projects,D_capital_future_infrastructure,FortisBC,BC / Lower Mainland,PDF / HTML / board report / to_verify,future project / capital plan,Future_Projects,1,manual_or_pdf_p3,public_to_verify,not_in_final_coded_sources,new_candidate_to_dedupe,verify capital plan/project page and extract civil-relevant pipeline,"Potential capital plan / project pipeline source; verify official capital plan, budget, board report, or projects page.",candidate_expansion_seed
translink_capital_plan,TransLink capital plan / major projects,D_capital_future_infrastructure,TransLink,BC / Lower Mainland,PDF / HTML / board report / to_verify,future project / capital plan,Future_Projects,1,manual_or_pdf_p3,public_to_verify,not_in_final_coded_sources,new_candidate_to_dedupe,verify capital plan/project page and extract civil-relevant pipeline,"Potential capital plan / project pipeline source; verify official capital plan, budget, board report, or projects page.",candidate_expansion_seed
bc_transit_capital_plan,BC Transit capital plan / major projects,D_capital_future_infrastructure,BC Transit,BC / Lower Mainland,PDF / HTML / board report / to_verify,future project / capital plan,Future_Projects,1,manual_or_pdf_p3,public_to_verify,not_in_final_coded_sources,new_candidate_to_dedupe,verify capital plan/project page and extract civil-relevant pipeline,"Potential capital plan / project pipeline source; verify official capital plan, budget, board report, or projects page.",candidate_expansion_seed
bc_ferries_capital_plan,BC Ferries capital plan / major projects,D_capital_future_infrastructure,BC Ferries,BC / Lower Mainland,PDF / HTML / board report / to_verify,future project / capital plan,Future_Projects,1,manual_or_pdf_p3,public_to_verify,not_in_final_coded_sources,new_candidate_to_dedupe,verify capital plan/project page and extract civil-relevant pipeline,"Potential capital plan / project pipeline source; verify official capital plan, budget, board report, or projects page.",candidate_expansion_seed
yvr_vancouver_airport_authority_capital_plan,YVR Vancouver Airport Authority capital plan / major projects,D_capital_future_infrastructure,YVR Vancouver Airport Authority,BC / Lower Mainland,PDF / HTML / board report / to_verify,future project / capital plan,Future_Projects,1,manual_or_pdf_p3,public_to_verify,not_in_final_coded_sources,new_candidate_to_dedupe,verify capital plan/project page and extract civil-relevant pipeline,"Potential capital plan / project pipeline source; verify official capital plan, budget, board report, or projects page.",candidate_expansion_seed
vancouver_fraser_port_authority_port_of_vancouver_capital_pl,Vancouver Fraser Port Authority / Port of Vancouver capital plan / major projects,D_capital_future_infrastructure,Vancouver Fraser Port Authority / Port of Vancouver,BC / Lower Mainland,PDF / HTML / board report / to_verify,future project / capital plan,Future_Projects,1,manual_or_pdf_p3,public_to_verify,not_in_final_coded_sources,new_candidate_to_dedupe,verify capital plan/project page and extract civil-relevant pipeline,"Potential capital plan / project pipeline source; verify official capital plan, budget, board report, or projects page.",candidate_expansion_seed
dp_world_canada_capital_plan,DP World Canada capital plan / major projects,D_capital_future_infrastructure,DP World Canada,BC / Lower Mainland,PDF / HTML / board report / to_verify,future project / capital plan,Future_Projects,1,manual_or_pdf_p3,public_to_verify,not_in_final_coded_sources,new_candidate_to_dedupe,verify capital plan/project page and extract civil-relevant pipeline,"Potential capital plan / project pipeline source; verify official capital plan, budget, board report, or projects page.",candidate_expansion_seed
seaspan_capital_plan,Seaspan capital plan / major projects,D_capital_future_infrastructure,Seaspan,BC / Lower Mainland,PDF / HTML / board report / to_verify,future project / capital plan,Future_Projects,1,manual_or_pdf_p3,public_to_verify,not_in_final_coded_sources,new_candidate_to_dedupe,verify capital plan/project page and extract civil-relevant pipeline,"Potential capital plan / project pipeline source; verify official capital plan, budget, board report, or projects page.",candidate_expansion_seed
infrastructure_bc_capital_plan,Infrastructure BC capital plan / major projects,D_capital_future_infrastructure,Infrastructure BC,BC / Lower Mainland,PDF / HTML / board report / to_verify,future project / capital plan,Future_Projects,1,manual_or_pdf_p3,public_to_verify,not_in_final_coded_sources,new_candidate_to_dedupe,verify capital plan/project page and extract civil-relevant pipeline,"Potential capital plan / project pipeline source; verify official capital plan, budget, board report, or projects page.",candidate_expansion_seed
bc_ministry_of_transportation_and_infrastructure_capital_pla,BC Ministry of Transportation and Infrastructure capital plan / major projects,D_capital_future_infrastructure,BC Ministry of Transportation and Infrastructure,BC / Lower Mainland,PDF / HTML / board report / to_verify,future project / capital plan,Future_Projects,1,manual_or_pdf_p3,public_to_verify,not_in_final_coded_sources,new_candidate_to_dedupe,verify capital plan/project page and extract civil-relevant pipeline,"Potential capital plan / project pipeline source; verify official capital plan, budget, board report, or projects page.",candidate_expansion_seed
bc_parks_capital_plan,BC Parks capital plan / major projects,D_capital_future_infrastructure,BC Parks,BC / Lower Mainland,PDF / HTML / board report / to_verify,future project / capital plan,Future_Projects,1,manual_or_pdf_p3,public_to_verify,not_in_final_coded_sources,new_candidate_to_dedupe,verify capital plan/project page and extract civil-relevant pipeline,"Potential capital plan / project pipeline source; verify official capital plan, budget, board report, or projects page.",candidate_expansion_seed
metro_vancouver_liquid_waste_services_procurement,Metro Vancouver Liquid Waste Services procurement / bid opportunities,A_active_tender,Metro Vancouver Liquid Waste Services,BC / Lower Mainland,HTML listing / portal / to_verify,active tender,Active_Tenders,1,to_assess,to_verify,not_in_final_coded_sources,new_candidate_to_dedupe,verify official procurement page and platform; add alert/manual workflow if no API,Potential public procurement or capital/procurement source; verify official page and procurement platform.,candidate_expansion_seed
metro_vancouver_water_services_procurement,Metro Vancouver Water Services procurement / bid opportunities,A_active_tender,Metro Vancouver Water Services,BC / Lower Mainland,HTML listing / portal / to_verify,active tender,Active_Tenders,1,to_assess,to_verify,not_in_final_coded_sources,new_candidate_to_dedupe,verify official procurement page and platform; add alert/manual workflow if no API,Potential public procurement or capital/procurement source; verify official page and procurement platform.,candidate_expansion_seed
metro_vancouver_solid_waste_services_procurement,Metro Vancouver Solid Waste Services procurement / bid opportunities,A_active_tender,Metro Vancouver Solid Waste Services,BC / Lower Mainland,HTML listing / portal / to_verify,active tender,Active_Tenders,1,to_assess,to_verify,not_in_final_coded_sources,new_candidate_to_dedupe,verify official procurement page and platform; add alert/manual workflow if no API,Potential public procurement or capital/procurement source; verify official page and procurement platform.,candidate_expansion_seed
greater_vancouver_water_district_procurement,Greater Vancouver Water District procurement / bid opportunities,A_active_tender,Greater Vancouver Water District,BC / Lower Mainland,HTML listing / portal / to_verify,active tender,Active_Tenders,1,to_assess,to_verify,not_in_final_coded_sources,new_candidate_to_dedupe,verify official procurement page and platform; add alert/manual workflow if no API,Potential public procurement or capital/procurement source; verify official page and procurement platform.,candidate_expansion_seed
greater_vancouver_sewerage_and_drainage_district_procurement,Greater Vancouver Sewerage and Drainage District procurement / bid opportunities,A_active_tender,Greater Vancouver Sewerage and Drainage District,BC / Lower Mainland,HTML listing / portal / to_verify,active tender,Active_Tenders,1,to_assess,to_verify,not_in_final_coded_sources,new_candidate_to_dedupe,verify official procurement page and platform; add alert/manual workflow if no API,Potential public procurement or capital/procurement source; verify official page and procurement platform.,candidate_expansion_seed
fraser_valley_regional_district_procurement,Fraser Valley Regional District procurement / bid opportunities,A_active_tender,Fraser Valley Regional District,BC / Lower Mainland,HTML listing / portal / to_verify,active tender,Active_Tenders,1,to_assess,to_verify,not_in_final_coded_sources,new_candidate_to_dedupe,verify official procurement page and platform; add alert/manual workflow if no API,Potential public procurement or capital/procurement source; verify official page and procurement platform.,candidate_expansion_seed
squamish_lillooet_regional_district_procurement,Squamish-Lillooet Regional District procurement / bid opportunities,A_active_tender,Squamish-Lillooet Regional District,BC / Lower Mainland,HTML listing / portal / to_verify,active tender,Active_Tenders,1,to_assess,to_verify,not_in_final_coded_sources,new_candidate_to_dedupe,verify official procurement page and platform; add alert/manual workflow if no API,Potential public procurement or capital/procurement source; verify official page and procurement platform.,candidate_expansion_seed
metro_vancouver_liquid_waste_services_capital_plan,Metro Vancouver Liquid Waste Services capital plan / major projects,D_capital_future_infrastructure,Metro Vancouver Liquid Waste Services,BC / Lower Mainland,PDF / HTML / board report / to_verify,future project / capital plan,Future_Projects,1,manual_or_pdf_p3,public_to_verify,not_in_final_coded_sources,new_candidate_to_dedupe,verify capital plan/project page and extract civil-relevant pipeline,"Potential capital plan / project pipeline source; verify official capital plan, budget, board report, or projects page.",candidate_expansion_seed
metro_vancouver_water_services_capital_plan,Metro Vancouver Water Services capital plan / major projects,D_capital_future_infrastructure,Metro Vancouver Water Services,BC / Lower Mainland,PDF / HTML / board report / to_verify,future project / capital plan,Future_Projects,1,manual_or_pdf_p3,public_to_verify,not_in_final_coded_sources,new_candidate_to_dedupe,verify capital plan/project page and extract civil-relevant pipeline,"Potential capital plan / project pipeline source; verify official capital plan, budget, board report, or projects page.",candidate_expansion_seed
metro_vancouver_solid_waste_services_capital_plan,Metro Vancouver Solid Waste Services capital plan / major projects,D_capital_future_infrastructure,Metro Vancouver Solid Waste Services,BC / Lower Mainland,PDF / HTML / board report / to_verify,future project / capital plan,Future_Projects,1,manual_or_pdf_p3,public_to_verify,not_in_final_coded_sources,new_candidate_to_dedupe,verify capital plan/project page and extract civil-relevant pipeline,"Potential capital plan / project pipeline source; verify official capital plan, budget, board report, or projects page.",candidate_expansion_seed
greater_vancouver_water_district_capital_plan,Greater Vancouver Water District capital plan / major projects,D_capital_future_infrastructure,Greater Vancouver Water District,BC / Lower Mainland,PDF / HTML / board report / to_verify,future project / capital plan,Future_Projects,1,manual_or_pdf_p3,public_to_verify,not_in_final_coded_sources,new_candidate_to_dedupe,verify capital plan/project page and extract civil-relevant pipeline,"Potential capital plan / project pipeline source; verify official capital plan, budget, board report, or projects page.",candidate_expansion_seed
greater_vancouver_sewerage_and_drainage_district_capital_pla,Greater Vancouver Sewerage and Drainage District capital plan / major projects,D_capital_future_infrastructure,Greater Vancouver Sewerage and Drainage District,BC / Lower Mainland,PDF / HTML / board report / to_verify,future project / capital plan,Future_Projects,1,manual_or_pdf_p3,public_to_verify,not_in_final_coded_sources,new_candidate_to_dedupe,verify capital plan/project page and extract civil-relevant pipeline,"Potential capital plan / project pipeline source; verify official capital plan, budget, board report, or projects page.",candidate_expansion_seed
fraser_valley_regional_district_capital_plan,Fraser Valley Regional District capital plan / major projects,D_capital_future_infrastructure,Fraser Valley Regional District,BC / Lower Mainland,PDF / HTML / board report / to_verify,future project / capital plan,Future_Projects,1,manual_or_pdf_p3,public_to_verify,not_in_final_coded_sources,new_candidate_to_dedupe,verify capital plan/project page and extract civil-relevant pipeline,"Potential capital plan / project pipeline source; verify official capital plan, budget, board report, or projects page.",candidate_expansion_seed
surrey_council_agenda,Surrey council / public hearing agendas,C_council_agendas,Surrey,Lower Mainland / Fraser Valley,HTML/PDF agenda,rezoning / servicing agreement / capital award signal,Run_Queue,2,manual_or_pdf_p3,public_to_verify,not_in_final_coded_sources,new_candidate_to_dedupe,verify agenda portal and add PDF/HTML extractor workflow,"Council agendas often reveal rezonings, servicing agreements, award reports, and capital project approvals before tender.",candidate_expansion_seed
township_of_langley_council_agenda,Township of Langley council / public hearing agendas,C_council_agendas,Township of Langley,Lower Mainland / Fraser Valley,HTML/PDF agenda,rezoning / servicing agreement / capital award signal,Run_Queue,2,manual_or_pdf_p3,public_to_verify,not_in_final_coded_sources,new_candidate_to_dedupe,verify agenda portal and add PDF/HTML extractor workflow,"Council agendas often reveal rezonings, servicing agreements, award reports, and capital project approvals before tender.",candidate_expansion_seed
city_of_langley_council_agenda,City of Langley council / public hearing agendas,C_council_agendas,City of Langley,Lower Mainland / Fraser Valley,HTML/PDF agenda,rezoning / servicing agreement / capital award signal,Run_Queue,2,manual_or_pdf_p3,public_to_verify,not_in_final_coded_sources,new_candidate_to_dedupe,verify agenda portal and add PDF/HTML extractor workflow,"Council agendas often reveal rezonings, servicing agreements, award reports, and capital project approvals before tender.",candidate_expansion_seed
maple_ridge_council_agenda,Maple Ridge council / public hearing agendas,C_council_agendas,Maple Ridge,Lower Mainland / Fraser Valley,HTML/PDF agenda,rezoning / servicing agreement / capital award signal,Run_Queue,2,manual_or_pdf_p3,public_to_verify,not_in_final_coded_sources,new_candidate_to_dedupe,verify agenda portal and add PDF/HTML extractor workflow,"Council agendas often reveal rezonings, servicing agreements, award reports, and capital project approvals before tender.",candidate_expansion_seed
pitt_meadows_council_agenda,Pitt Meadows council / public hearing agendas,C_council_agendas,Pitt Meadows,Lower Mainland / Fraser Valley,HTML/PDF agenda,rezoning / servicing agreement / capital award signal,Run_Queue,2,manual_or_pdf_p3,public_to_verify,not_in_final_coded_sources,new_candidate_to_dedupe,verify agenda portal and add PDF/HTML extractor workflow,"Council agendas often reveal rezonings, servicing agreements, award reports, and capital project approvals before tender.",candidate_expansion_seed
abbotsford_council_agenda,Abbotsford council / public hearing agendas,C_council_agendas,Abbotsford,Lower Mainland / Fraser Valley,HTML/PDF agenda,rezoning / servicing agreement / capital award signal,Run_Queue,2,manual_or_pdf_p3,public_to_verify,not_in_final_coded_sources,new_candidate_to_dedupe,verify agenda portal and add PDF/HTML extractor workflow,"Council agendas often reveal rezonings, servicing agreements, award reports, and capital project approvals before tender.",candidate_expansion_seed
chilliwack_council_agenda,Chilliwack council / public hearing agendas,C_council_agendas,Chilliwack,Lower Mainland / Fraser Valley,HTML/PDF agenda,rezoning / servicing agreement / capital award signal,Run_Queue,2,manual_or_pdf_p3,public_to_verify,not_in_final_coded_sources,new_candidate_to_dedupe,verify agenda portal and add PDF/HTML extractor workflow,"Council agendas often reveal rezonings, servicing agreements, award reports, and capital project approvals before tender.",candidate_expansion_seed
mission_council_agenda,Mission council / public hearing agendas,C_council_agendas,Mission,Lower Mainland / Fraser Valley,HTML/PDF agenda,rezoning / servicing agreement / capital award signal,Run_Queue,2,manual_or_pdf_p3,public_to_verify,not_in_final_coded_sources,new_candidate_to_dedupe,verify agenda portal and add PDF/HTML extractor workflow,"Council agendas often reveal rezonings, servicing agreements, award reports, and capital project approvals before tender.",candidate_expansion_seed
coquitlam_council_agenda,Coquitlam council / public hearing agendas,C_council_agendas,Coquitlam,Lower Mainland / Fraser Valley,HTML/PDF agenda,rezoning / servicing agreement / capital award signal,Run_Queue,2,manual_or_pdf_p3,public_to_verify,not_in_final_coded_sources,new_candidate_to_dedupe,verify agenda portal and add PDF/HTML extractor workflow,"Council agendas often reveal rezonings, servicing agreements, award reports, and capital project approvals before tender.",candidate_expansion_seed
port_coquitlam_council_agenda,Port Coquitlam council / public hearing agendas,C_council_agendas,Port Coquitlam,Lower Mainland / Fraser Valley,HTML/PDF agenda,rezoning / servicing agreement / capital award signal,Run_Queue,2,manual_or_pdf_p3,public_to_verify,not_in_final_coded_sources,new_candidate_to_dedupe,verify agenda portal and add PDF/HTML extractor workflow,"Council agendas often reveal rezonings, servicing agreements, award reports, and capital project approvals before tender.",candidate_expansion_seed
port_moody_council_agenda,Port Moody council / public hearing agendas,C_council_agendas,Port Moody,Lower Mainland / Fraser Valley,HTML/PDF agenda,rezoning / servicing agreement / capital award signal,Run_Queue,2,manual_or_pdf_p3,public_to_verify,not_in_final_coded_sources,new_candidate_to_dedupe,verify agenda portal and add PDF/HTML extractor workflow,"Council agendas often reveal rezonings, servicing agreements, award reports, and capital project approvals before tender.",candidate_expansion_seed
burnaby_council_agenda,Burnaby council / public hearing agendas,C_council_agendas,Burnaby,Lower Mainland / Fraser Valley,HTML/PDF agenda,rezoning / servicing agreement / capital award signal,Run_Queue,2,manual_or_pdf_p3,public_to_verify,not_in_final_coded_sources,new_candidate_to_dedupe,verify agenda portal and add PDF/HTML extractor workflow,"Council agendas often reveal rezonings, servicing agreements, award reports, and capital project approvals before tender.",candidate_expansion_seed
delta_council_agenda,Delta council / public hearing agendas,C_council_agendas,Delta,Lower Mainland / Fraser Valley,HTML/PDF agenda,rezoning / servicing agreement / capital award signal,Run_Queue,2,manual_or_pdf_p3,public_to_verify,not_in_final_coded_sources,new_candidate_to_dedupe,verify agenda portal and add PDF/HTML extractor workflow,"Council agendas often reveal rezonings, servicing agreements, award reports, and capital project approvals before tender.",candidate_expansion_seed
richmond_council_agenda,Richmond council / public hearing agendas,C_council_agendas,Richmond,Lower Mainland / Fraser Valley,HTML/PDF agenda,rezoning / servicing agreement / capital award signal,Run_Queue,2,manual_or_pdf_p3,public_to_verify,not_in_final_coded_sources,new_candidate_to_dedupe,verify agenda portal and add PDF/HTML extractor workflow,"Council agendas often reveal rezonings, servicing agreements, award reports, and capital project approvals before tender.",candidate_expansion_seed
vancouver_council_agenda,Vancouver council / public hearing agendas,C_council_agendas,Vancouver,Lower Mainland / Fraser Valley,HTML/PDF agenda,rezoning / servicing agreement / capital award signal,Run_Queue,2,manual_or_pdf_p3,public_to_verify,not_in_final_coded_sources,new_candidate_to_dedupe,verify agenda portal and add PDF/HTML extractor workflow,"Council agendas often reveal rezonings, servicing agreements, award reports, and capital project approvals before tender.",candidate_expansion_seed
new_westminster_council_agenda,New Westminster council / public hearing agendas,C_council_agendas,New Westminster,Lower Mainland / Fraser Valley,HTML/PDF agenda,rezoning / servicing agreement / capital award signal,Run_Queue,2,manual_or_pdf_p3,public_to_verify,not_in_final_coded_sources,new_candidate_to_dedupe,verify agenda portal and add PDF/HTML extractor workflow,"Council agendas often reveal rezonings, servicing agreements, award reports, and capital project approvals before tender.",candidate_expansion_seed
city_of_north_vancouver_council_agenda,City of North Vancouver council / public hearing agendas,C_council_agendas,City of North Vancouver,Lower Mainland / Fraser Valley,HTML/PDF agenda,rezoning / servicing agreement / capital award signal,Run_Queue,2,manual_or_pdf_p3,public_to_verify,not_in_final_coded_sources,new_candidate_to_dedupe,verify agenda portal and add PDF/HTML extractor workflow,"Council agendas often reveal rezonings, servicing agreements, award reports, and capital project approvals before tender.",candidate_expansion_seed
district_of_north_vancouver_council_agenda,District of North Vancouver council / public hearing agendas,C_council_agendas,District of North Vancouver,Lower Mainland / Fraser Valley,HTML/PDF agenda,rezoning / servicing agreement / capital award signal,Run_Queue,2,manual_or_pdf_p3,public_to_verify,not_in_final_coded_sources,new_candidate_to_dedupe,verify agenda portal and add PDF/HTML extractor workflow,"Council agendas often reveal rezonings, servicing agreements, award reports, and capital project approvals before tender.",candidate_expansion_seed
west_vancouver_council_agenda,West Vancouver council / public hearing agendas,C_council_agendas,West Vancouver,Lower Mainland / Fraser Valley,HTML/PDF agenda,rezoning / servicing agreement / capital award signal,Run_Queue,2,manual_or_pdf_p3,public_to_verify,not_in_final_coded_sources,new_candidate_to_dedupe,verify agenda portal and add PDF/HTML extractor workflow,"Council agendas often reveal rezonings, servicing agreements, award reports, and capital project approvals before tender.",candidate_expansion_seed
white_rock_council_agenda,White Rock council / public hearing agendas,C_council_agendas,White Rock,Lower Mainland / Fraser Valley,HTML/PDF agenda,rezoning / servicing agreement / capital award signal,Run_Queue,2,manual_or_pdf_p3,public_to_verify,not_in_final_coded_sources,new_candidate_to_dedupe,verify agenda portal and add PDF/HTML extractor workflow,"Council agendas often reveal rezonings, servicing agreements, award reports, and capital project approvals before tender.",candidate_expansion_seed
surrey_municipal_capital_plan,Surrey municipal capital plan / major projects,D_capital_future_infrastructure,Surrey municipal,BC / Lower Mainland,PDF / HTML / board report / to_verify,future project / capital plan,Future_Projects,2,manual_or_pdf_p3,public_to_verify,not_in_final_coded_sources,new_candidate_to_dedupe,verify capital plan/project page and extract civil-relevant pipeline,Municipal capital/financial plans are distinct from tender pages and dev-app sources; preserve as future-project pipeline sources.,candidate_expansion_seed
township_of_langley_municipal_capital_plan,Township of Langley municipal capital plan / major projects,D_capital_future_infrastructure,Township of Langley municipal,BC / Lower Mainland,PDF / HTML / board report / to_verify,future project / capital plan,Future_Projects,2,manual_or_pdf_p3,public_to_verify,not_in_final_coded_sources,new_candidate_to_dedupe,verify capital plan/project page and extract civil-relevant pipeline,Municipal capital/financial plans are distinct from tender pages and dev-app sources; preserve as future-project pipeline sources.,candidate_expansion_seed
city_of_langley_municipal_capital_plan,City of Langley municipal capital plan / major projects,D_capital_future_infrastructure,City of Langley municipal,BC / Lower Mainland,PDF / HTML / board report / to_verify,future project / capital plan,Future_Projects,2,manual_or_pdf_p3,public_to_verify,not_in_final_coded_sources,new_candidate_to_dedupe,verify capital plan/project page and extract civil-relevant pipeline,Municipal capital/financial plans are distinct from tender pages and dev-app sources; preserve as future-project pipeline sources.,candidate_expansion_seed
maple_ridge_municipal_capital_plan,Maple Ridge municipal capital plan / major projects,D_capital_future_infrastructure,Maple Ridge municipal,BC / Lower Mainland,PDF / HTML / board report / to_verify,future project / capital plan,Future_Projects,2,manual_or_pdf_p3,public_to_verify,not_in_final_coded_sources,new_candidate_to_dedupe,verify capital plan/project page and extract civil-relevant pipeline,Municipal capital/financial plans are distinct from tender pages and dev-app sources; preserve as future-project pipeline sources.,candidate_expansion_seed
pitt_meadows_municipal_capital_plan,Pitt Meadows municipal capital plan / major projects,D_capital_future_infrastructure,Pitt Meadows municipal,BC / Lower Mainland,PDF / HTML / board report / to_verify,future project / capital plan,Future_Projects,2,manual_or_pdf_p3,public_to_verify,not_in_final_coded_sources,new_candidate_to_dedupe,verify capital plan/project page and extract civil-relevant pipeline,Municipal capital/financial plans are distinct from tender pages and dev-app sources; preserve as future-project pipeline sources.,candidate_expansion_seed
abbotsford_municipal_capital_plan,Abbotsford municipal capital plan / major projects,D_capital_future_infrastructure,Abbotsford municipal,BC / Lower Mainland,PDF / HTML / board report / to_verify,future project / capital plan,Future_Projects,2,manual_or_pdf_p3,public_to_verify,not_in_final_coded_sources,new_candidate_to_dedupe,verify capital plan/project page and extract civil-relevant pipeline,Municipal capital/financial plans are distinct from tender pages and dev-app sources; preserve as future-project pipeline sources.,candidate_expansion_seed
chilliwack_municipal_capital_plan,Chilliwack municipal capital plan / major projects,D_capital_future_infrastructure,Chilliwack municipal,BC / Lower Mainland,PDF / HTML / board report / to_verify,future project / capital plan,Future_Projects,2,manual_or_pdf_p3,public_to_verify,not_in_final_coded_sources,new_candidate_to_dedupe,verify capital plan/project page and extract civil-relevant pipeline,Municipal capital/financial plans are distinct from tender pages and dev-app sources; preserve as future-project pipeline sources.,candidate_expansion_seed
mission_municipal_capital_plan,Mission municipal capital plan / major projects,D_capital_future_infrastructure,Mission municipal,BC / Lower Mainland,PDF / HTML / board report / to_verify,future project / capital plan,Future_Projects,2,manual_or_pdf_p3,public_to_verify,not_in_final_coded_sources,new_candidate_to_dedupe,verify capital plan/project page and extract civil-relevant pipeline,Municipal capital/financial plans are distinct from tender pages and dev-app sources; preserve as future-project pipeline sources.,candidate_expansion_seed
coquitlam_municipal_capital_plan,Coquitlam municipal capital plan / major projects,D_capital_future_infrastructure,Coquitlam municipal,BC / Lower Mainland,PDF / HTML / board report / to_verify,future project / capital plan,Future_Projects,2,manual_or_pdf_p3,public_to_verify,not_in_final_coded_sources,new_candidate_to_dedupe,verify capital plan/project page and extract civil-relevant pipeline,Municipal capital/financial plans are distinct from tender pages and dev-app sources; preserve as future-project pipeline sources.,candidate_expansion_seed
port_coquitlam_municipal_capital_plan,Port Coquitlam municipal capital plan / major projects,D_capital_future_infrastructure,Port Coquitlam municipal,BC / Lower Mainland,PDF / HTML / board report / to_verify,future project / capital plan,Future_Projects,2,manual_or_pdf_p3,public_to_verify,not_in_final_coded_sources,new_candidate_to_dedupe,verify capital plan/project page and extract civil-relevant pipeline,Municipal capital/financial plans are distinct from tender pages and dev-app sources; preserve as future-project pipeline sources.,candidate_expansion_seed
port_moody_municipal_capital_plan,Port Moody municipal capital plan / major projects,D_capital_future_infrastructure,Port Moody municipal,BC / Lower Mainland,PDF / HTML / board report / to_verify,future project / capital plan,Future_Projects,2,manual_or_pdf_p3,public_to_verify,not_in_final_coded_sources,new_candidate_to_dedupe,verify capital plan/project page and extract civil-relevant pipeline,Municipal capital/financial plans are distinct from tender pages and dev-app sources; preserve as future-project pipeline sources.,candidate_expansion_seed
burnaby_municipal_capital_plan,Burnaby municipal capital plan / major projects,D_capital_future_infrastructure,Burnaby municipal,BC / Lower Mainland,PDF / HTML / board report / to_verify,future project / capital plan,Future_Projects,2,manual_or_pdf_p3,public_to_verify,not_in_final_coded_sources,new_candidate_to_dedupe,verify capital plan/project page and extract civil-relevant pipeline,Municipal capital/financial plans are distinct from tender pages and dev-app sources; preserve as future-project pipeline sources.,candidate_expansion_seed
delta_municipal_capital_plan,Delta municipal capital plan / major projects,D_capital_future_infrastructure,Delta municipal,BC / Lower Mainland,PDF / HTML / board report / to_verify,future project / capital plan,Future_Projects,2,manual_or_pdf_p3,public_to_verify,not_in_final_coded_sources,new_candidate_to_dedupe,verify capital plan/project page and extract civil-relevant pipeline,Municipal capital/financial plans are distinct from tender pages and dev-app sources; preserve as future-project pipeline sources.,candidate_expansion_seed
richmond_municipal_capital_plan,Richmond municipal capital plan / major projects,D_capital_future_infrastructure,Richmond municipal,BC / Lower Mainland,PDF / HTML / board report / to_verify,future project / capital plan,Future_Projects,2,manual_or_pdf_p3,public_to_verify,not_in_final_coded_sources,new_candidate_to_dedupe,verify capital plan/project page and extract civil-relevant pipeline,Municipal capital/financial plans are distinct from tender pages and dev-app sources; preserve as future-project pipeline sources.,candidate_expansion_seed
vancouver_municipal_capital_plan,Vancouver municipal capital plan / major projects,D_capital_future_infrastructure,Vancouver municipal,BC / Lower Mainland,PDF / HTML / board report / to_verify,future project / capital plan,Future_Projects,2,manual_or_pdf_p3,public_to_verify,not_in_final_coded_sources,new_candidate_to_dedupe,verify capital plan/project page and extract civil-relevant pipeline,Municipal capital/financial plans are distinct from tender pages and dev-app sources; preserve as future-project pipeline sources.,candidate_expansion_seed
new_westminster_municipal_capital_plan,New Westminster municipal capital plan / major projects,D_capital_future_infrastructure,New Westminster municipal,BC / Lower Mainland,PDF / HTML / board report / to_verify,future project / capital plan,Future_Projects,2,manual_or_pdf_p3,public_to_verify,not_in_final_coded_sources,new_candidate_to_dedupe,verify capital plan/project page and extract civil-relevant pipeline,Municipal capital/financial plans are distinct from tender pages and dev-app sources; preserve as future-project pipeline sources.,candidate_expansion_seed
city_of_north_vancouver_municipal_capital_plan,City of North Vancouver municipal capital plan / major projects,D_capital_future_infrastructure,City of North Vancouver municipal,BC / Lower Mainland,PDF / HTML / board report / to_verify,future project / capital plan,Future_Projects,2,manual_or_pdf_p3,public_to_verify,not_in_final_coded_sources,new_candidate_to_dedupe,verify capital plan/project page and extract civil-relevant pipeline,Municipal capital/financial plans are distinct from tender pages and dev-app sources; preserve as future-project pipeline sources.,candidate_expansion_seed
district_of_north_vancouver_municipal_capital_plan,District of North Vancouver municipal capital plan / major projects,D_capital_future_infrastructure,District of North Vancouver municipal,BC / Lower Mainland,PDF / HTML / board report / to_verify,future project / capital plan,Future_Projects,2,manual_or_pdf_p3,public_to_verify,not_in_final_coded_sources,new_candidate_to_dedupe,verify capital plan/project page and extract civil-relevant pipeline,Municipal capital/financial plans are distinct from tender pages and dev-app sources; preserve as future-project pipeline sources.,candidate_expansion_seed
west_vancouver_municipal_capital_plan,West Vancouver municipal capital plan / major projects,D_capital_future_infrastructure,West Vancouver municipal,BC / Lower Mainland,PDF / HTML / board report / to_verify,future project / capital plan,Future_Projects,2,manual_or_pdf_p3,public_to_verify,not_in_final_coded_sources,new_candidate_to_dedupe,verify capital plan/project page and extract civil-relevant pipeline,Municipal capital/financial plans are distinct from tender pages and dev-app sources; preserve as future-project pipeline sources.,candidate_expansion_seed
white_rock_municipal_capital_plan,White Rock municipal capital plan / major projects,D_capital_future_infrastructure,White Rock municipal,BC / Lower Mainland,PDF / HTML / board report / to_verify,future project / capital plan,Future_Projects,2,manual_or_pdf_p3,public_to_verify,not_in_final_coded_sources,new_candidate_to_dedupe,verify capital plan/project page and extract civil-relevant pipeline,Municipal capital/financial plans are distinct from tender pages and dev-app sources; preserve as future-project pipeline sources.,candidate_expansion_seed
electoral_area_small_municipalities_fraser_valley_current_de,Electoral Area / small municipalities Fraser Valley current development applications / projects,B_dev_applications,Electoral Area / small municipalities Fraser Valley,Lower Mainland / Fraser Valley,open data / GIS / HTML / PDF / to_verify,development application / rezoning / subdivision signal,Future_Projects,3,to_assess,public_to_verify,not_in_final_coded_sources,new_candidate_to_dedupe,"verify whether source has API, ArcGIS, open data, or public HTML/PDF only",Municipal development source candidate; should be kept separate from procurement source.,candidate_expansion_seed
anmore_current_developments,Anmore current development applications / projects,B_dev_applications,Anmore,Lower Mainland / Fraser Valley,open data / GIS / HTML / PDF / to_verify,development application / rezoning / subdivision signal,Future_Projects,3,to_assess,public_to_verify,not_in_final_coded_sources,new_candidate_to_dedupe,"verify whether source has API, ArcGIS, open data, or public HTML/PDF only",Municipal development source candidate; should be kept separate from procurement source.,candidate_expansion_seed
belcarra_current_developments,Belcarra current development applications / projects,B_dev_applications,Belcarra,Lower Mainland / Fraser Valley,open data / GIS / HTML / PDF / to_verify,development application / rezoning / subdivision signal,Future_Projects,3,to_assess,public_to_verify,not_in_final_coded_sources,new_candidate_to_dedupe,"verify whether source has API, ArcGIS, open data, or public HTML/PDF only",Municipal development source candidate; should be kept separate from procurement source.,candidate_expansion_seed
bowen_island_current_developments,Bowen Island current development applications / projects,B_dev_applications,Bowen Island,Lower Mainland / Fraser Valley,open data / GIS / HTML / PDF / to_verify,development application / rezoning / subdivision signal,Future_Projects,3,to_assess,public_to_verify,not_in_final_coded_sources,new_candidate_to_dedupe,"verify whether source has API, ArcGIS, open data, or public HTML/PDF only",Municipal development source candidate; should be kept separate from procurement source.,candidate_expansion_seed
lions_bay_current_developments,Lions Bay current development applications / projects,B_dev_applications,Lions Bay,Lower Mainland / Fraser Valley,open data / GIS / HTML / PDF / to_verify,development application / rezoning / subdivision signal,Future_Projects,3,to_assess,public_to_verify,not_in_final_coded_sources,new_candidate_to_dedupe,"verify whether source has API, ArcGIS, open data, or public HTML/PDF only",Municipal development source candidate; should be kept separate from procurement source.,candidate_expansion_seed
harrison_hot_springs_current_developments,Harrison Hot Springs current development applications / projects,B_dev_applications,Harrison Hot Springs,Lower Mainland / Fraser Valley,open data / GIS / HTML / PDF / to_verify,development application / rezoning / subdivision signal,Future_Projects,3,to_assess,public_to_verify,not_in_final_coded_sources,new_candidate_to_dedupe,"verify whether source has API, ArcGIS, open data, or public HTML/PDF only",Municipal development source candidate; should be kept separate from procurement source.,candidate_expansion_seed
hope_current_developments,Hope current development applications / projects,B_dev_applications,Hope,Lower Mainland / Fraser Valley,open data / GIS / HTML / PDF / to_verify,development application / rezoning / subdivision signal,Future_Projects,3,to_assess,public_to_verify,not_in_final_coded_sources,new_candidate_to_dedupe,"verify whether source has API, ArcGIS, open data, or public HTML/PDF only",Municipal development source candidate; should be kept separate from procurement source.,candidate_expansion_seed
kent_agassiz_current_developments,Kent / Agassiz current development applications / projects,B_dev_applications,Kent / Agassiz,Lower Mainland / Fraser Valley,open data / GIS / HTML / PDF / to_verify,development application / rezoning / subdivision signal,Future_Projects,3,to_assess,public_to_verify,not_in_final_coded_sources,new_candidate_to_dedupe,"verify whether source has API, ArcGIS, open data, or public HTML/PDF only",Municipal development source candidate; should be kept separate from procurement source.,candidate_expansion_seed
langley_township_neighbourhood_plans_current_developments,Langley Township neighbourhood plans current development applications / projects,B_dev_applications,Langley Township neighbourhood plans,Lower Mainland / Fraser Valley,open data / GIS / HTML / PDF / to_verify,development application / rezoning / subdivision signal,Future_Projects,3,to_assess,public_to_verify,not_in_final_coded_sources,new_candidate_to_dedupe,"verify whether source has API, ArcGIS, open data, or public HTML/PDF only",Municipal development source candidate; should be kept separate from procurement source.,candidate_expansion_seed
surrey_cosmos_planning_reports_current_developments,Surrey COSMOS / planning reports current development applications / projects,B_dev_applications,Surrey COSMOS / planning reports,Lower Mainland / Fraser Valley,open data / GIS / HTML / PDF / to_verify,development application / rezoning / subdivision signal,Future_Projects,3,to_assess,public_to_verify,not_in_final_coded_sources,new_candidate_to_dedupe,"verify whether source has API, ArcGIS, open data, or public HTML/PDF only",Municipal development source candidate; should be kept separate from procurement source.,candidate_expansion_seed
vancouver_shape_your_city_rezoning_current_developments,Vancouver Shape Your City rezoning current development applications / projects,B_dev_applications,Vancouver Shape Your City rezoning,Lower Mainland / Fraser Valley,open data / GIS / HTML / PDF / to_verify,development application / rezoning / subdivision signal,Future_Projects,3,to_assess,public_to_verify,not_in_final_coded_sources,new_candidate_to_dedupe,"verify whether source has API, ArcGIS, open data, or public HTML/PDF only",Municipal development source candidate; should be kept separate from procurement source.,candidate_expansion_seed
richmond_development_applications_current_developments,Richmond development applications current development applications / projects,B_dev_applications,Richmond development applications,Lower Mainland / Fraser Valley,open data / GIS / HTML / PDF / to_verify,development application / rezoning / subdivision signal,Future_Projects,3,to_assess,public_to_verify,not_in_final_coded_sources,new_candidate_to_dedupe,"verify whether source has API, ArcGIS, open data, or public HTML/PDF only",Municipal development source candidate; should be kept separate from procurement source.,candidate_expansion_seed
coquitlam_development_application_viewer_current_development,Coquitlam development application viewer current development applications / projects,B_dev_applications,Coquitlam development application viewer,Lower Mainland / Fraser Valley,open data / GIS / HTML / PDF / to_verify,development application / rezoning / subdivision signal,Future_Projects,3,to_assess,public_to_verify,not_in_final_coded_sources,new_candidate_to_dedupe,"verify whether source has API, ArcGIS, open data, or public HTML/PDF only",Municipal development source candidate; should be kept separate from procurement source.,candidate_expansion_seed
port_moody_development_applications_current_developments,Port Moody development applications current development applications / projects,B_dev_applications,Port Moody development applications,Lower Mainland / Fraser Valley,open data / GIS / HTML / PDF / to_verify,development application / rezoning / subdivision signal,Future_Projects,3,to_assess,public_to_verify,not_in_final_coded_sources,new_candidate_to_dedupe,"verify whether source has API, ArcGIS, open data, or public HTML/PDF only",Municipal development source candidate; should be kept separate from procurement source.,candidate_expansion_seed
west_vancouver_development_permits_current_developments,West Vancouver development permits current development applications / projects,B_dev_applications,West Vancouver development permits,Lower Mainland / Fraser Valley,open data / GIS / HTML / PDF / to_verify,development application / rezoning / subdivision signal,Future_Projects,3,to_assess,public_to_verify,not_in_final_coded_sources,new_candidate_to_dedupe,"verify whether source has API, ArcGIS, open data, or public HTML/PDF only",Municipal development source candidate; should be kept separate from procurement source.,candidate_expansion_seed
semiahmoo_first_nation_infrastructure,Semiahmoo First Nation infrastructure / development / procurement sources,I_first_nations_indigenous_infrastructure,Semiahmoo First Nation,Lower Mainland / Fraser Valley,HTML/PDF/procurement/news/to_verify,infrastructure / land development / servicing / procurement,Future_Projects,2,manual_or_html_watch,public_to_verify,not_in_final_coded_sources,new_candidate_to_dedupe,"verify official site, development corporation, procurement notices, capital projects, council/news releases",First Nations infrastructure/land development can be highly relevant but may require relationship/manual workflow.,candidate_expansion_seed
kwantlen_first_nation_infrastructure,Kwantlen First Nation infrastructure / development / procurement sources,I_first_nations_indigenous_infrastructure,Kwantlen First Nation,Lower Mainland / Fraser Valley,HTML/PDF/procurement/news/to_verify,infrastructure / land development / servicing / procurement,Future_Projects,2,manual_or_html_watch,public_to_verify,not_in_final_coded_sources,new_candidate_to_dedupe,"verify official site, development corporation, procurement notices, capital projects, council/news releases",First Nations infrastructure/land development can be highly relevant but may require relationship/manual workflow.,candidate_expansion_seed
katzie_first_nation_infrastructure,Katzie First Nation infrastructure / development / procurement sources,I_first_nations_indigenous_infrastructure,Katzie First Nation,Lower Mainland / Fraser Valley,HTML/PDF/procurement/news/to_verify,infrastructure / land development / servicing / procurement,Future_Projects,2,manual_or_html_watch,public_to_verify,not_in_final_coded_sources,new_candidate_to_dedupe,"verify official site, development corporation, procurement notices, capital projects, council/news releases",First Nations infrastructure/land development can be highly relevant but may require relationship/manual workflow.,candidate_expansion_seed
kwikwetlem_first_nation_infrastructure,Kwikwetlem First Nation infrastructure / development / procurement sources,I_first_nations_indigenous_infrastructure,Kwikwetlem First Nation,Lower Mainland / Fraser Valley,HTML/PDF/procurement/news/to_verify,infrastructure / land development / servicing / procurement,Future_Projects,2,manual_or_html_watch,public_to_verify,not_in_final_coded_sources,new_candidate_to_dedupe,"verify official site, development corporation, procurement notices, capital projects, council/news releases",First Nations infrastructure/land development can be highly relevant but may require relationship/manual workflow.,candidate_expansion_seed
tsawwassen_first_nation_infrastructure,Tsawwassen First Nation infrastructure / development / procurement sources,I_first_nations_indigenous_infrastructure,Tsawwassen First Nation,Lower Mainland / Fraser Valley,HTML/PDF/procurement/news/to_verify,infrastructure / land development / servicing / procurement,Future_Projects,2,manual_or_html_watch,public_to_verify,not_in_final_coded_sources,new_candidate_to_dedupe,"verify official site, development corporation, procurement notices, capital projects, council/news releases",First Nations infrastructure/land development can be highly relevant but may require relationship/manual workflow.,candidate_expansion_seed
musqueam_indian_band_infrastructure,Musqueam Indian Band infrastructure / development / procurement sources,I_first_nations_indigenous_infrastructure,Musqueam Indian Band,Lower Mainland / Fraser Valley,HTML/PDF/procurement/news/to_verify,infrastructure / land development / servicing / procurement,Future_Projects,2,manual_or_html_watch,public_to_verify,not_in_final_coded_sources,new_candidate_to_dedupe,"verify official site, development corporation, procurement notices, capital projects, council/news releases",First Nations infrastructure/land development can be highly relevant but may require relationship/manual workflow.,candidate_expansion_seed
squamish_nation_infrastructure,Squamish Nation infrastructure / development / procurement sources,I_first_nations_indigenous_infrastructure,Squamish Nation,Lower Mainland / Fraser Valley,HTML/PDF/procurement/news/to_verify,infrastructure / land development / servicing / procurement,Future_Projects,2,manual_or_html_watch,public_to_verify,not_in_final_coded_sources,new_candidate_to_dedupe,"verify official site, development corporation, procurement notices, capital projects, council/news releases",First Nations infrastructure/land development can be highly relevant but may require relationship/manual workflow.,candidate_expansion_seed
tsleil_waututh_nation_infrastructure,Tsleil-Waututh Nation infrastructure / development / procurement sources,I_first_nations_indigenous_infrastructure,Tsleil-Waututh Nation,Lower Mainland / Fraser Valley,HTML/PDF/procurement/news/to_verify,infrastructure / land development / servicing / procurement,Future_Projects,2,manual_or_html_watch,public_to_verify,not_in_final_coded_sources,new_candidate_to_dedupe,"verify official site, development corporation, procurement notices, capital projects, council/news releases",First Nations infrastructure/land development can be highly relevant but may require relationship/manual workflow.,candidate_expansion_seed
matsqui_first_nation_infrastructure,Matsqui First Nation infrastructure / development / procurement sources,I_first_nations_indigenous_infrastructure,Matsqui First Nation,Lower Mainland / Fraser Valley,HTML/PDF/procurement/news/to_verify,infrastructure / land development / servicing / procurement,Future_Projects,2,manual_or_html_watch,public_to_verify,not_in_final_coded_sources,new_candidate_to_dedupe,"verify official site, development corporation, procurement notices, capital projects, council/news releases",First Nations infrastructure/land development can be highly relevant but may require relationship/manual workflow.,candidate_expansion_seed
sumas_first_nation_infrastructure,Sumas First Nation infrastructure / development / procurement sources,I_first_nations_indigenous_infrastructure,Sumas First Nation,Lower Mainland / Fraser Valley,HTML/PDF/procurement/news/to_verify,infrastructure / land development / servicing / procurement,Future_Projects,2,manual_or_html_watch,public_to_verify,not_in_final_coded_sources,new_candidate_to_dedupe,"verify official site, development corporation, procurement notices, capital projects, council/news releases",First Nations infrastructure/land development can be highly relevant but may require relationship/manual workflow.,candidate_expansion_seed
seabird_island_band_infrastructure,Seabird Island Band infrastructure / development / procurement sources,I_first_nations_indigenous_infrastructure,Seabird Island Band,Lower Mainland / Fraser Valley,HTML/PDF/procurement/news/to_verify,infrastructure / land development / servicing / procurement,Future_Projects,2,manual_or_html_watch,public_to_verify,not_in_final_coded_sources,new_candidate_to_dedupe,"verify official site, development corporation, procurement notices, capital projects, council/news releases",First Nations infrastructure/land development can be highly relevant but may require relationship/manual workflow.,candidate_expansion_seed
st_l_service_agency_infrastructure,Stó:lō Service Agency infrastructure / development / procurement sources,I_first_nations_indigenous_infrastructure,Stó:lō Service Agency,Lower Mainland / Fraser Valley,HTML/PDF/procurement/news/to_verify,infrastructure / land development / servicing / procurement,Future_Projects,2,manual_or_html_watch,public_to_verify,not_in_final_coded_sources,new_candidate_to_dedupe,"verify official site, development corporation, procurement notices, capital projects, council/news releases",First Nations infrastructure/land development can be highly relevant but may require relationship/manual workflow.,candidate_expansion_seed
leq_a_mel_first_nation_infrastructure,Leq'a:mel First Nation infrastructure / development / procurement sources,I_first_nations_indigenous_infrastructure,Leq'a:mel First Nation,Lower Mainland / Fraser Valley,HTML/PDF/procurement/news/to_verify,infrastructure / land development / servicing / procurement,Future_Projects,2,manual_or_html_watch,public_to_verify,not_in_final_coded_sources,new_candidate_to_dedupe,"verify official site, development corporation, procurement notices, capital projects, council/news releases",First Nations infrastructure/land development can be highly relevant but may require relationship/manual workflow.,candidate_expansion_seed
skowkale_first_nation_infrastructure,Skowkale First Nation infrastructure / development / procurement sources,I_first_nations_indigenous_infrastructure,Skowkale First Nation,Lower Mainland / Fraser Valley,HTML/PDF/procurement/news/to_verify,infrastructure / land development / servicing / procurement,Future_Projects,2,manual_or_html_watch,public_to_verify,not_in_final_coded_sources,new_candidate_to_dedupe,"verify official site, development corporation, procurement notices, capital projects, council/news releases",First Nations infrastructure/land development can be highly relevant but may require relationship/manual workflow.,candidate_expansion_seed
tzeachten_first_nation_infrastructure,Tzeachten First Nation infrastructure / development / procurement sources,I_first_nations_indigenous_infrastructure,Tzeachten First Nation,Lower Mainland / Fraser Valley,HTML/PDF/procurement/news/to_verify,infrastructure / land development / servicing / procurement,Future_Projects,2,manual_or_html_watch,public_to_verify,not_in_final_coded_sources,new_candidate_to_dedupe,"verify official site, development corporation, procurement notices, capital projects, council/news releases",First Nations infrastructure/land development can be highly relevant but may require relationship/manual workflow.,candidate_expansion_seed
cheam_first_nation_infrastructure,Cheam First Nation infrastructure / development / procurement sources,I_first_nations_indigenous_infrastructure,Cheam First Nation,Lower Mainland / Fraser Valley,HTML/PDF/procurement/news/to_verify,infrastructure / land development / servicing / procurement,Future_Projects,2,manual_or_html_watch,public_to_verify,not_in_final_coded_sources,new_candidate_to_dedupe,"verify official site, development corporation, procurement notices, capital projects, council/news releases",First Nations infrastructure/land development can be highly relevant but may require relationship/manual workflow.,candidate_expansion_seed
yale_first_nation_infrastructure,Yale First Nation infrastructure / development / procurement sources,I_first_nations_indigenous_infrastructure,Yale First Nation,Lower Mainland / Fraser Valley,HTML/PDF/procurement/news/to_verify,infrastructure / land development / servicing / procurement,Future_Projects,2,manual_or_html_watch,public_to_verify,not_in_final_coded_sources,new_candidate_to_dedupe,"verify official site, development corporation, procurement notices, capital projects, council/news releases",First Nations infrastructure/land development can be highly relevant but may require relationship/manual workflow.,candidate_expansion_seed
skawahlook_first_nation_infrastructure,Skawahlook First Nation infrastructure / development / procurement sources,I_first_nations_indigenous_infrastructure,Skawahlook First Nation,Lower Mainland / Fraser Valley,HTML/PDF/procurement/news/to_verify,infrastructure / land development / servicing / procurement,Future_Projects,2,manual_or_html_watch,public_to_verify,not_in_final_coded_sources,new_candidate_to_dedupe,"verify official site, development corporation, procurement notices, capital projects, council/news releases",First Nations infrastructure/land development can be highly relevant but may require relationship/manual workflow.,candidate_expansion_seed
aitchelitz_first_nation_infrastructure,Aitchelitz First Nation infrastructure / development / procurement sources,I_first_nations_indigenous_infrastructure,Aitchelitz First Nation,Lower Mainland / Fraser Valley,HTML/PDF/procurement/news/to_verify,infrastructure / land development / servicing / procurement,Future_Projects,2,manual_or_html_watch,public_to_verify,not_in_final_coded_sources,new_candidate_to_dedupe,"verify official site, development corporation, procurement notices, capital projects, council/news releases",First Nations infrastructure/land development can be highly relevant but may require relationship/manual workflow.,candidate_expansion_seed
shxwha_y_village_infrastructure,Shxwha:y Village infrastructure / development / procurement sources,I_first_nations_indigenous_infrastructure,Shxwha:y Village,Lower Mainland / Fraser Valley,HTML/PDF/procurement/news/to_verify,infrastructure / land development / servicing / procurement,Future_Projects,2,manual_or_html_watch,public_to_verify,not_in_final_coded_sources,new_candidate_to_dedupe,"verify official site, development corporation, procurement notices, capital projects, council/news releases",First Nations infrastructure/land development can be highly relevant but may require relationship/manual workflow.,candidate_expansion_seed
beedie_project_pipeline,Beedie projects / land development pipeline,K_private_developer_pipeline,Beedie,Lower Mainland / BC,HTML / news / project page / manual research,future private development / land servicing signal,Future_Projects,2,manual_or_html_watch,public_to_verify,not_in_final_coded_sources,new_candidate_to_dedupe,verify active projects/communities/industrial pipeline; track only civil/site-servicing fit,Private developer source; not usually a tender portal but can signal future civil packages.,candidate_expansion_seed
polygon_project_pipeline,Polygon projects / land development pipeline,K_private_developer_pipeline,Polygon,Lower Mainland / BC,HTML / news / project page / manual research,future private development / land servicing signal,Future_Projects,2,manual_or_html_watch,public_to_verify,not_in_final_coded_sources,new_candidate_to_dedupe,verify active projects/communities/industrial pipeline; track only civil/site-servicing fit,Private developer source; not usually a tender portal but can signal future civil packages.,candidate_expansion_seed
wesgroup_project_pipeline,Wesgroup projects / land development pipeline,K_private_developer_pipeline,Wesgroup,Lower Mainland / BC,HTML / news / project page / manual research,future private development / land servicing signal,Future_Projects,2,manual_or_html_watch,public_to_verify,not_in_final_coded_sources,new_candidate_to_dedupe,verify active projects/communities/industrial pipeline; track only civil/site-servicing fit,Private developer source; not usually a tender portal but can signal future civil packages.,candidate_expansion_seed
anthem_project_pipeline,Anthem projects / land development pipeline,K_private_developer_pipeline,Anthem,Lower Mainland / BC,HTML / news / project page / manual research,future private development / land servicing signal,Future_Projects,2,manual_or_html_watch,public_to_verify,not_in_final_coded_sources,new_candidate_to_dedupe,verify active projects/communities/industrial pipeline; track only civil/site-servicing fit,Private developer source; not usually a tender portal but can signal future civil packages.,candidate_expansion_seed
onni_project_pipeline,Onni projects / land development pipeline,K_private_developer_pipeline,Onni,Lower Mainland / BC,HTML / news / project page / manual research,future private development / land servicing signal,Future_Projects,2,manual_or_html_watch,public_to_verify,not_in_final_coded_sources,new_candidate_to_dedupe,verify active projects/communities/industrial pipeline; track only civil/site-servicing fit,Private developer source; not usually a tender portal but can signal future civil packages.,candidate_expansion_seed
qualico_project_pipeline,Qualico projects / land development pipeline,K_private_developer_pipeline,Qualico,Lower Mainland / BC,HTML / news / project page / manual research,future private development / land servicing signal,Future_Projects,2,manual_or_html_watch,public_to_verify,not_in_final_coded_sources,new_candidate_to_dedupe,verify active projects/communities/industrial pipeline; track only civil/site-servicing fit,Private developer source; not usually a tender portal but can signal future civil packages.,candidate_expansion_seed
adera_project_pipeline,Adera projects / land development pipeline,K_private_developer_pipeline,Adera,Lower Mainland / BC,HTML / news / project page / manual research,future private development / land servicing signal,Future_Projects,2,manual_or_html_watch,public_to_verify,not_in_final_coded_sources,new_candidate_to_dedupe,verify active projects/communities/industrial pipeline; track only civil/site-servicing fit,Private developer source; not usually a tender portal but can signal future civil packages.,candidate_expansion_seed
morningstar_project_pipeline,Morningstar projects / land development pipeline,K_private_developer_pipeline,Morningstar,Lower Mainland / BC,HTML / news / project page / manual research,future private development / land servicing signal,Future_Projects,2,manual_or_html_watch,public_to_verify,not_in_final_coded_sources,new_candidate_to_dedupe,verify active projects/communities/industrial pipeline; track only civil/site-servicing fit,Private developer source; not usually a tender portal but can signal future civil packages.,candidate_expansion_seed
marcon_project_pipeline,Marcon projects / land development pipeline,K_private_developer_pipeline,Marcon,Lower Mainland / BC,HTML / news / project page / manual research,future private development / land servicing signal,Future_Projects,2,manual_or_html_watch,public_to_verify,not_in_final_coded_sources,new_candidate_to_dedupe,verify active projects/communities/industrial pipeline; track only civil/site-servicing fit,Private developer source; not usually a tender portal but can signal future civil packages.,candidate_expansion_seed
porte_communities_project_pipeline,Porte Communities projects / land development pipeline,K_private_developer_pipeline,Porte Communities,Lower Mainland / BC,HTML / news / project page / manual research,future private development / land servicing signal,Future_Projects,2,manual_or_html_watch,public_to_verify,not_in_final_coded_sources,new_candidate_to_dedupe,verify active projects/communities/industrial pipeline; track only civil/site-servicing fit,Private developer source; not usually a tender portal but can signal future civil packages.,candidate_expansion_seed
mosaic_homes_project_pipeline,Mosaic Homes projects / land development pipeline,K_private_developer_pipeline,Mosaic Homes,Lower Mainland / BC,HTML / news / project page / manual research,future private development / land servicing signal,Future_Projects,2,manual_or_html_watch,public_to_verify,not_in_final_coded_sources,new_candidate_to_dedupe,verify active projects/communities/industrial pipeline; track only civil/site-servicing fit,Private developer source; not usually a tender portal but can signal future civil packages.,candidate_expansion_seed
darwin_construction_project_pipeline,Darwin Construction projects / land development pipeline,K_private_developer_pipeline,Darwin Construction,Lower Mainland / BC,HTML / news / project page / manual research,future private development / land servicing signal,Future_Projects,2,manual_or_html_watch,public_to_verify,not_in_final_coded_sources,new_candidate_to_dedupe,verify active projects/communities/industrial pipeline; track only civil/site-servicing fit,Private developer source; not usually a tender portal but can signal future civil packages.,candidate_expansion_seed
concert_properties_project_pipeline,Concert Properties projects / land development pipeline,K_private_developer_pipeline,Concert Properties,Lower Mainland / BC,HTML / news / project page / manual research,future private development / land servicing signal,Future_Projects,2,manual_or_html_watch,public_to_verify,not_in_final_coded_sources,new_candidate_to_dedupe,verify active projects/communities/industrial pipeline; track only civil/site-servicing fit,Private developer source; not usually a tender portal but can signal future civil packages.,candidate_expansion_seed
bosa_properties_project_pipeline,Bosa Properties projects / land development pipeline,K_private_developer_pipeline,Bosa Properties,Lower Mainland / BC,HTML / news / project page / manual research,future private development / land servicing signal,Future_Projects,2,manual_or_html_watch,public_to_verify,not_in_final_coded_sources,new_candidate_to_dedupe,verify active projects/communities/industrial pipeline; track only civil/site-servicing fit,Private developer source; not usually a tender portal but can signal future civil packages.,candidate_expansion_seed
century_group_project_pipeline,Century Group projects / land development pipeline,K_private_developer_pipeline,Century Group,Lower Mainland / BC,HTML / news / project page / manual research,future private development / land servicing signal,Future_Projects,2,manual_or_html_watch,public_to_verify,not_in_final_coded_sources,new_candidate_to_dedupe,verify active projects/communities/industrial pipeline; track only civil/site-servicing fit,Private developer source; not usually a tender portal but can signal future civil packages.,candidate_expansion_seed
townline_project_pipeline,Townline projects / land development pipeline,K_private_developer_pipeline,Townline,Lower Mainland / BC,HTML / news / project page / manual research,future private development / land servicing signal,Future_Projects,2,manual_or_html_watch,public_to_verify,not_in_final_coded_sources,new_candidate_to_dedupe,verify active projects/communities/industrial pipeline; track only civil/site-servicing fit,Private developer source; not usually a tender portal but can signal future civil packages.,candidate_expansion_seed
intracorp_project_pipeline,Intracorp projects / land development pipeline,K_private_developer_pipeline,Intracorp,Lower Mainland / BC,HTML / news / project page / manual research,future private development / land servicing signal,Future_Projects,2,manual_or_html_watch,public_to_verify,not_in_final_coded_sources,new_candidate_to_dedupe,verify active projects/communities/industrial pipeline; track only civil/site-servicing fit,Private developer source; not usually a tender portal but can signal future civil packages.,candidate_expansion_seed
quadreal_project_pipeline,QuadReal projects / land development pipeline,K_private_developer_pipeline,QuadReal,Lower Mainland / BC,HTML / news / project page / manual research,future private development / land servicing signal,Future_Projects,2,manual_or_html_watch,public_to_verify,not_in_final_coded_sources,new_candidate_to_dedupe,verify active projects/communities/industrial pipeline; track only civil/site-servicing fit,Private developer source; not usually a tender portal but can signal future civil packages.,candidate_expansion_seed
pci_developments_project_pipeline,PCI Developments projects / land development pipeline,K_private_developer_pipeline,PCI Developments,Lower Mainland / BC,HTML / news / project page / manual research,future private development / land servicing signal,Future_Projects,2,manual_or_html_watch,public_to_verify,not_in_final_coded_sources,new_candidate_to_dedupe,verify active projects/communities/industrial pipeline; track only civil/site-servicing fit,Private developer source; not usually a tender portal but can signal future civil packages.,candidate_expansion_seed
peterson_group_project_pipeline,Peterson Group projects / land development pipeline,K_private_developer_pipeline,Peterson Group,Lower Mainland / BC,HTML / news / project page / manual research,future private development / land servicing signal,Future_Projects,2,manual_or_html_watch,public_to_verify,not_in_final_coded_sources,new_candidate_to_dedupe,verify active projects/communities/industrial pipeline; track only civil/site-servicing fit,Private developer source; not usually a tender portal but can signal future civil packages.,candidate_expansion_seed
hungerford_properties_project_pipeline,Hungerford Properties projects / land development pipeline,K_private_developer_pipeline,Hungerford Properties,Lower Mainland / BC,HTML / news / project page / manual research,future private development / land servicing signal,Future_Projects,2,manual_or_html_watch,public_to_verify,not_in_final_coded_sources,new_candidate_to_dedupe,verify active projects/communities/industrial pipeline; track only civil/site-servicing fit,Private developer source; not usually a tender portal but can signal future civil packages.,candidate_expansion_seed
conwest_project_pipeline,Conwest projects / land development pipeline,K_private_developer_pipeline,Conwest,Lower Mainland / BC,HTML / news / project page / manual research,future private development / land servicing signal,Future_Projects,2,manual_or_html_watch,public_to_verify,not_in_final_coded_sources,new_candidate_to_dedupe,verify active projects/communities/industrial pipeline; track only civil/site-servicing fit,Private developer source; not usually a tender portal but can signal future civil packages.,candidate_expansion_seed
cressey_project_pipeline,Cressey projects / land development pipeline,K_private_developer_pipeline,Cressey,Lower Mainland / BC,HTML / news / project page / manual research,future private development / land servicing signal,Future_Projects,2,manual_or_html_watch,public_to_verify,not_in_final_coded_sources,new_candidate_to_dedupe,verify active projects/communities/industrial pipeline; track only civil/site-servicing fit,Private developer source; not usually a tender portal but can signal future civil packages.,candidate_expansion_seed
rize_alliance_project_pipeline,Rize Alliance projects / land development pipeline,K_private_developer_pipeline,Rize Alliance,Lower Mainland / BC,HTML / news / project page / manual research,future private development / land servicing signal,Future_Projects,2,manual_or_html_watch,public_to_verify,not_in_final_coded_sources,new_candidate_to_dedupe,verify active projects/communities/industrial pipeline; track only civil/site-servicing fit,Private developer source; not usually a tender portal but can signal future civil packages.,candidate_expansion_seed
shape_properties_project_pipeline,Shape Properties projects / land development pipeline,K_private_developer_pipeline,Shape Properties,Lower Mainland / BC,HTML / news / project page / manual research,future private development / land servicing signal,Future_Projects,2,manual_or_html_watch,public_to_verify,not_in_final_coded_sources,new_candidate_to_dedupe,verify active projects/communities/industrial pipeline; track only civil/site-servicing fit,Private developer source; not usually a tender portal but can signal future civil packages.,candidate_expansion_seed
bentallgreenoak_project_pipeline,BentallGreenOak projects / land development pipeline,K_private_developer_pipeline,BentallGreenOak,Lower Mainland / BC,HTML / news / project page / manual research,future private development / land servicing signal,Future_Projects,2,manual_or_html_watch,public_to_verify,not_in_final_coded_sources,new_candidate_to_dedupe,verify active projects/communities/industrial pipeline; track only civil/site-servicing fit,Private developer source; not usually a tender portal but can signal future civil packages.,candidate_expansion_seed
oxford_properties_project_pipeline,Oxford Properties projects / land development pipeline,K_private_developer_pipeline,Oxford Properties,Lower Mainland / BC,HTML / news / project page / manual research,future private development / land servicing signal,Future_Projects,2,manual_or_html_watch,public_to_verify,not_in_final_coded_sources,new_candidate_to_dedupe,verify active projects/communities/industrial pipeline; track only civil/site-servicing fit,Private developer source; not usually a tender portal but can signal future civil packages.,candidate_expansion_seed
grosvenor_project_pipeline,Grosvenor projects / land development pipeline,K_private_developer_pipeline,Grosvenor,Lower Mainland / BC,HTML / news / project page / manual research,future private development / land servicing signal,Future_Projects,2,manual_or_html_watch,public_to_verify,not_in_final_coded_sources,new_candidate_to_dedupe,verify active projects/communities/industrial pipeline; track only civil/site-servicing fit,Private developer source; not usually a tender portal but can signal future civil packages.,candidate_expansion_seed
wanson_group_project_pipeline,Wanson Group projects / land development pipeline,K_private_developer_pipeline,Wanson Group,Lower Mainland / BC,HTML / news / project page / manual research,future private development / land servicing signal,Future_Projects,2,manual_or_html_watch,public_to_verify,not_in_final_coded_sources,new_candidate_to_dedupe,verify active projects/communities/industrial pipeline; track only civil/site-servicing fit,Private developer source; not usually a tender portal but can signal future civil packages.,candidate_expansion_seed
kingdom_development_project_pipeline,Kingdom Development projects / land development pipeline,K_private_developer_pipeline,Kingdom Development,Lower Mainland / BC,HTML / news / project page / manual research,future private development / land servicing signal,Future_Projects,2,manual_or_html_watch,public_to_verify,not_in_final_coded_sources,new_candidate_to_dedupe,verify active projects/communities/industrial pipeline; track only civil/site-servicing fit,Private developer source; not usually a tender portal but can signal future civil packages.,candidate_expansion_seed
infinity_properties_project_pipeline,Infinity Properties projects / land development pipeline,K_private_developer_pipeline,Infinity Properties,Lower Mainland / BC,HTML / news / project page / manual research,future private development / land servicing signal,Future_Projects,2,manual_or_html_watch,public_to_verify,not_in_final_coded_sources,new_candidate_to_dedupe,verify active projects/communities/industrial pipeline; track only civil/site-servicing fit,Private developer source; not usually a tender portal but can signal future civil packages.,candidate_expansion_seed
foxridge_homes_project_pipeline,Foxridge Homes projects / land development pipeline,K_private_developer_pipeline,Foxridge Homes,Lower Mainland / BC,HTML / news / project page / manual research,future private development / land servicing signal,Future_Projects,2,manual_or_html_watch,public_to_verify,not_in_final_coded_sources,new_candidate_to_dedupe,verify active projects/communities/industrial pipeline; track only civil/site-servicing fit,Private developer source; not usually a tender portal but can signal future civil packages.,candidate_expansion_seed
streetside_developments_project_pipeline,StreetSide Developments projects / land development pipeline,K_private_developer_pipeline,StreetSide Developments,Lower Mainland / BC,HTML / news / project page / manual research,future private development / land servicing signal,Future_Projects,2,manual_or_html_watch,public_to_verify,not_in_final_coded_sources,new_candidate_to_dedupe,verify active projects/communities/industrial pipeline; track only civil/site-servicing fit,Private developer source; not usually a tender portal but can signal future civil packages.,candidate_expansion_seed
mla_canada_project_launches_project_pipeline,MLA Canada project launches projects / land development pipeline,K_private_developer_pipeline,MLA Canada project launches,Lower Mainland / BC,HTML / news / project page / manual research,future private development / land servicing signal,Future_Projects,2,manual_or_html_watch,public_to_verify,not_in_final_coded_sources,new_candidate_to_dedupe,verify active projects/communities/industrial pipeline; track only civil/site-servicing fit,Private developer source; not usually a tender portal but can signal future civil packages.,candidate_expansion_seed
avison_young_land_sales_industrial_reports_project_pipeline,Avison Young land sales / industrial reports projects / land development pipeline,K_private_developer_pipeline,Avison Young land sales / industrial reports,Lower Mainland / BC,HTML / news / project page / manual research,future private development / land servicing signal,Future_Projects,2,manual_or_html_watch,public_to_verify,not_in_final_coded_sources,new_candidate_to_dedupe,verify active projects/communities/industrial pipeline; track only civil/site-servicing fit,Private developer source; not usually a tender portal but can signal future civil packages.,candidate_expansion_seed
colliers_industrial_land_reports_project_pipeline,Colliers industrial land reports projects / land development pipeline,K_private_developer_pipeline,Colliers industrial land reports,Lower Mainland / BC,HTML / news / project page / manual research,future private development / land servicing signal,Future_Projects,2,manual_or_html_watch,public_to_verify,not_in_final_coded_sources,new_candidate_to_dedupe,verify active projects/communities/industrial pipeline; track only civil/site-servicing fit,Private developer source; not usually a tender portal but can signal future civil packages.,candidate_expansion_seed
cbre_industrial_market_reports_project_pipeline,CBRE industrial market reports projects / land development pipeline,K_private_developer_pipeline,CBRE industrial market reports,Lower Mainland / BC,HTML / news / project page / manual research,future private development / land servicing signal,Future_Projects,2,manual_or_html_watch,public_to_verify,not_in_final_coded_sources,new_candidate_to_dedupe,verify active projects/communities/industrial pipeline; track only civil/site-servicing fit,Private developer source; not usually a tender portal but can signal future civil packages.,candidate_expansion_seed
bird_construction_itb,Bird Construction subcontractor bids / prequalification / ITB workflow,F_gc_developer_invites,Bird Construction,BC / Western Canada,GC portal / email invite / vendor page,GC invite / subcontractor opportunity,Run_Queue,2,manual_or_email_forwarded,login_or_relationship_required,not_in_final_coded_sources,new_candidate_to_dedupe,verify official subcontractor/prequal path; route invitations through estimator inbox,Do not scrape login portals; use email forwarding/manual import if TENDER_FINDER has relationship/access.,candidate_expansion_seed
chandos_itb,Chandos subcontractor bids / prequalification / ITB workflow,F_gc_developer_invites,Chandos,BC / Western Canada,GC portal / email invite / vendor page,GC invite / subcontractor opportunity,Run_Queue,2,manual_or_email_forwarded,login_or_relationship_required,not_in_final_coded_sources,new_candidate_to_dedupe,verify official subcontractor/prequal path; route invitations through estimator inbox,Do not scrape login portals; use email forwarding/manual import if TENDER_FINDER has relationship/access.,candidate_expansion_seed
turner_construction_itb,Turner Construction subcontractor bids / prequalification / ITB workflow,F_gc_developer_invites,Turner Construction,BC / Western Canada,GC portal / email invite / vendor page,GC invite / subcontractor opportunity,Run_Queue,2,manual_or_email_forwarded,login_or_relationship_required,not_in_final_coded_sources,new_candidate_to_dedupe,verify official subcontractor/prequal path; route invitations through estimator inbox,Do not scrape login portals; use email forwarding/manual import if TENDER_FINDER has relationship/access.,candidate_expansion_seed
pcl_construction_itb,PCL Construction subcontractor bids / prequalification / ITB workflow,F_gc_developer_invites,PCL Construction,BC / Western Canada,GC portal / email invite / vendor page,GC invite / subcontractor opportunity,Run_Queue,2,manual_or_email_forwarded,login_or_relationship_required,not_in_final_coded_sources,new_candidate_to_dedupe,verify official subcontractor/prequal path; route invitations through estimator inbox,Do not scrape login portals; use email forwarding/manual import if TENDER_FINDER has relationship/access.,candidate_expansion_seed
kiewit_itb,Kiewit subcontractor bids / prequalification / ITB workflow,F_gc_developer_invites,Kiewit,BC / Western Canada,GC portal / email invite / vendor page,GC invite / subcontractor opportunity,Run_Queue,2,manual_or_email_forwarded,login_or_relationship_required,not_in_final_coded_sources,new_candidate_to_dedupe,verify official subcontractor/prequal path; route invitations through estimator inbox,Do not scrape login portals; use email forwarding/manual import if TENDER_FINDER has relationship/access.,candidate_expansion_seed
jacob_bros_construction_itb,Jacob Bros Construction subcontractor bids / prequalification / ITB workflow,F_gc_developer_invites,Jacob Bros Construction,BC / Western Canada,GC portal / email invite / vendor page,GC invite / subcontractor opportunity,Run_Queue,2,manual_or_email_forwarded,login_or_relationship_required,not_in_final_coded_sources,new_candidate_to_dedupe,verify official subcontractor/prequal path; route invitations through estimator inbox,Do not scrape login portals; use email forwarding/manual import if TENDER_FINDER has relationship/access.,candidate_expansion_seed
hall_constructors_itb,Hall Constructors subcontractor bids / prequalification / ITB workflow,F_gc_developer_invites,Hall Constructors,BC / Western Canada,GC portal / email invite / vendor page,GC invite / subcontractor opportunity,Run_Queue,2,manual_or_email_forwarded,login_or_relationship_required,not_in_final_coded_sources,new_candidate_to_dedupe,verify official subcontractor/prequal path; route invitations through estimator inbox,Do not scrape login portals; use email forwarding/manual import if TENDER_FINDER has relationship/access.,candidate_expansion_seed
ba_blacktop_itb,BA Blacktop subcontractor bids / prequalification / ITB workflow,F_gc_developer_invites,BA Blacktop,BC / Western Canada,GC portal / email invite / vendor page,GC invite / subcontractor opportunity,Run_Queue,2,manual_or_email_forwarded,login_or_relationship_required,not_in_final_coded_sources,new_candidate_to_dedupe,verify official subcontractor/prequal path; route invitations through estimator inbox,Do not scrape login portals; use email forwarding/manual import if TENDER_FINDER has relationship/access.,candidate_expansion_seed
lafarge_canada_itb,Lafarge Canada subcontractor bids / prequalification / ITB workflow,F_gc_developer_invites,Lafarge Canada,BC / Western Canada,GC portal / email invite / vendor page,GC invite / subcontractor opportunity,Run_Queue,2,manual_or_email_forwarded,login_or_relationship_required,not_in_final_coded_sources,new_candidate_to_dedupe,verify official subcontractor/prequal path; route invitations through estimator inbox,Do not scrape login portals; use email forwarding/manual import if TENDER_FINDER has relationship/access.,candidate_expansion_seed
mainland_construction_materials_itb,Mainland Construction Materials subcontractor bids / prequalification / ITB workflow,F_gc_developer_invites,Mainland Construction Materials,BC / Western Canada,GC portal / email invite / vendor page,GC invite / subcontractor opportunity,Run_Queue,2,manual_or_email_forwarded,login_or_relationship_required,not_in_final_coded_sources,new_candidate_to_dedupe,verify official subcontractor/prequal path; route invitations through estimator inbox,Do not scrape login portals; use email forwarding/manual import if TENDER_FINDER has relationship/access.,candidate_expansion_seed
matcon_itb,Matcon subcontractor bids / prequalification / ITB workflow,F_gc_developer_invites,Matcon,BC / Western Canada,GC portal / email invite / vendor page,GC invite / subcontractor opportunity,Run_Queue,2,manual_or_email_forwarded,login_or_relationship_required,not_in_final_coded_sources,new_candidate_to_dedupe,verify official subcontractor/prequal path; route invitations through estimator inbox,Do not scrape login portals; use email forwarding/manual import if TENDER_FINDER has relationship/access.,candidate_expansion_seed
milestone_environmental_contracting_itb,Milestone Environmental Contracting subcontractor bids / prequalification / ITB workflow,F_gc_developer_invites,Milestone Environmental Contracting,BC / Western Canada,GC portal / email invite / vendor page,GC invite / subcontractor opportunity,Run_Queue,2,manual_or_email_forwarded,login_or_relationship_required,not_in_final_coded_sources,new_candidate_to_dedupe,verify official subcontractor/prequal path; route invitations through estimator inbox,Do not scrape login portals; use email forwarding/manual import if TENDER_FINDER has relationship/access.,candidate_expansion_seed
graham_construction_itb,Graham Construction subcontractor bids / prequalification / ITB workflow,F_gc_developer_invites,Graham Construction,BC / Western Canada,GC portal / email invite / vendor page,GC invite / subcontractor opportunity,Run_Queue,2,manual_or_email_forwarded,login_or_relationship_required,not_in_final_coded_sources,new_candidate_to_dedupe,verify official subcontractor/prequal path; route invitations through estimator inbox,Do not scrape login portals; use email forwarding/manual import if TENDER_FINDER has relationship/access.,candidate_expansion_seed
ledcor_itb,Ledcor subcontractor bids / prequalification / ITB workflow,F_gc_developer_invites,Ledcor,BC / Western Canada,GC portal / email invite / vendor page,GC invite / subcontractor opportunity,Run_Queue,2,manual_or_email_forwarded,login_or_relationship_required,not_in_final_coded_sources,new_candidate_to_dedupe,verify official subcontractor/prequal path; route invitations through estimator inbox,Do not scrape login portals; use email forwarding/manual import if TENDER_FINDER has relationship/access.,candidate_expansion_seed
ellisdon_itb,EllisDon subcontractor bids / prequalification / ITB workflow,F_gc_developer_invites,EllisDon,BC / Western Canada,GC portal / email invite / vendor page,GC invite / subcontractor opportunity,Run_Queue,2,manual_or_email_forwarded,login_or_relationship_required,not_in_final_coded_sources,new_candidate_to_dedupe,verify official subcontractor/prequal path; route invitations through estimator inbox,Do not scrape login portals; use email forwarding/manual import if TENDER_FINDER has relationship/access.,candidate_expansion_seed
pomerleau_itb,Pomerleau subcontractor bids / prequalification / ITB workflow,F_gc_developer_invites,Pomerleau,BC / Western Canada,GC portal / email invite / vendor page,GC invite / subcontractor opportunity,Run_Queue,2,manual_or_email_forwarded,login_or_relationship_required,not_in_final_coded_sources,new_candidate_to_dedupe,verify official subcontractor/prequal path; route invitations through estimator inbox,Do not scrape login portals; use email forwarding/manual import if TENDER_FINDER has relationship/access.,candidate_expansion_seed
clark_builders_itb,Clark Builders subcontractor bids / prequalification / ITB workflow,F_gc_developer_invites,Clark Builders,BC / Western Canada,GC portal / email invite / vendor page,GC invite / subcontractor opportunity,Run_Queue,2,manual_or_email_forwarded,login_or_relationship_required,not_in_final_coded_sources,new_candidate_to_dedupe,verify official subcontractor/prequal path; route invitations through estimator inbox,Do not scrape login portals; use email forwarding/manual import if TENDER_FINDER has relationship/access.,candidate_expansion_seed
axiom_builders_itb,Axiom Builders subcontractor bids / prequalification / ITB workflow,F_gc_developer_invites,Axiom Builders,BC / Western Canada,GC portal / email invite / vendor page,GC invite / subcontractor opportunity,Run_Queue,2,manual_or_email_forwarded,login_or_relationship_required,not_in_final_coded_sources,new_candidate_to_dedupe,verify official subcontractor/prequal path; route invitations through estimator inbox,Do not scrape login portals; use email forwarding/manual import if TENDER_FINDER has relationship/access.,candidate_expansion_seed
itc_construction_itb,ITC Construction subcontractor bids / prequalification / ITB workflow,F_gc_developer_invites,ITC Construction,BC / Western Canada,GC portal / email invite / vendor page,GC invite / subcontractor opportunity,Run_Queue,2,manual_or_email_forwarded,login_or_relationship_required,not_in_final_coded_sources,new_candidate_to_dedupe,verify official subcontractor/prequal path; route invitations through estimator inbox,Do not scrape login portals; use email forwarding/manual import if TENDER_FINDER has relationship/access.,candidate_expansion_seed
kindred_construction_itb,Kindred Construction subcontractor bids / prequalification / ITB workflow,F_gc_developer_invites,Kindred Construction,BC / Western Canada,GC portal / email invite / vendor page,GC invite / subcontractor opportunity,Run_Queue,2,manual_or_email_forwarded,login_or_relationship_required,not_in_final_coded_sources,new_candidate_to_dedupe,verify official subcontractor/prequal path; route invitations through estimator inbox,Do not scrape login portals; use email forwarding/manual import if TENDER_FINDER has relationship/access.,candidate_expansion_seed
syncra_construction_itb,Syncra Construction subcontractor bids / prequalification / ITB workflow,F_gc_developer_invites,Syncra Construction,BC / Western Canada,GC portal / email invite / vendor page,GC invite / subcontractor opportunity,Run_Queue,2,manual_or_email_forwarded,login_or_relationship_required,not_in_final_coded_sources,new_candidate_to_dedupe,verify official subcontractor/prequal path; route invitations through estimator inbox,Do not scrape login portals; use email forwarding/manual import if TENDER_FINDER has relationship/access.,candidate_expansion_seed
heatherbrae_builders_itb,Heatherbrae Builders subcontractor bids / prequalification / ITB workflow,F_gc_developer_invites,Heatherbrae Builders,BC / Western Canada,GC portal / email invite / vendor page,GC invite / subcontractor opportunity,Run_Queue,2,manual_or_email_forwarded,login_or_relationship_required,not_in_final_coded_sources,new_candidate_to_dedupe,verify official subcontractor/prequal path; route invitations through estimator inbox,Do not scrape login portals; use email forwarding/manual import if TENDER_FINDER has relationship/access.,candidate_expansion_seed
ventana_construction_itb,Ventana Construction subcontractor bids / prequalification / ITB workflow,F_gc_developer_invites,Ventana Construction,BC / Western Canada,GC portal / email invite / vendor page,GC invite / subcontractor opportunity,Run_Queue,2,manual_or_email_forwarded,login_or_relationship_required,not_in_final_coded_sources,new_candidate_to_dedupe,verify official subcontractor/prequal path; route invitations through estimator inbox,Do not scrape login portals; use email forwarding/manual import if TENDER_FINDER has relationship/access.,candidate_expansion_seed
pitt_meadows_plumbing_mechanical_site_works_itb,Pitt Meadows Plumbing / mechanical site works subcontractor bids / prequalification / ITB workflow,F_gc_developer_invites,Pitt Meadows Plumbing / mechanical site works,BC / Western Canada,GC portal / email invite / vendor page,GC invite / subcontractor opportunity,Run_Queue,2,manual_or_email_forwarded,login_or_relationship_required,not_in_final_coded_sources,new_candidate_to_dedupe,verify official subcontractor/prequal path; route invitations through estimator inbox,Do not scrape login portals; use email forwarding/manual import if TENDER_FINDER has relationship/access.,candidate_expansion_seed
emil_anderson_construction_itb,Emil Anderson Construction subcontractor bids / prequalification / ITB workflow,F_gc_developer_invites,Emil Anderson Construction,BC / Western Canada,GC portal / email invite / vendor page,GC invite / subcontractor opportunity,Run_Queue,2,manual_or_email_forwarded,login_or_relationship_required,not_in_final_coded_sources,new_candidate_to_dedupe,verify official subcontractor/prequal path; route invitations through estimator inbox,Do not scrape login portals; use email forwarding/manual import if TENDER_FINDER has relationship/access.,candidate_expansion_seed
eurovia_ba_blacktop_itb,Eurovia / BA Blacktop subcontractor bids / prequalification / ITB workflow,F_gc_developer_invites,Eurovia / BA Blacktop,BC / Western Canada,GC portal / email invite / vendor page,GC invite / subcontractor opportunity,Run_Queue,2,manual_or_email_forwarded,login_or_relationship_required,not_in_final_coded_sources,new_candidate_to_dedupe,verify official subcontractor/prequal path; route invitations through estimator inbox,Do not scrape login portals; use email forwarding/manual import if TENDER_FINDER has relationship/access.,candidate_expansion_seed
bel_contracting_itb,BEL Contracting subcontractor bids / prequalification / ITB workflow,F_gc_developer_invites,BEL Contracting,BC / Western Canada,GC portal / email invite / vendor page,GC invite / subcontractor opportunity,Run_Queue,2,manual_or_email_forwarded,login_or_relationship_required,not_in_final_coded_sources,new_candidate_to_dedupe,verify official subcontractor/prequal path; route invitations through estimator inbox,Do not scrape login portals; use email forwarding/manual import if TENDER_FINDER has relationship/access.,candidate_expansion_seed
jakes_construction_itb,Jakes Construction subcontractor bids / prequalification / ITB workflow,F_gc_developer_invites,Jakes Construction,BC / Western Canada,GC portal / email invite / vendor page,GC invite / subcontractor opportunity,Run_Queue,2,manual_or_email_forwarded,login_or_relationship_required,not_in_final_coded_sources,new_candidate_to_dedupe,verify official subcontractor/prequal path; route invitations through estimator inbox,Do not scrape login portals; use email forwarding/manual import if TENDER_FINDER has relationship/access.,candidate_expansion_seed
king_hoe_excavating_itb,King Hoe Excavating subcontractor bids / prequalification / ITB workflow,F_gc_developer_invites,King Hoe Excavating,BC / Western Canada,GC portal / email invite / vendor page,GC invite / subcontractor opportunity,Run_Queue,2,manual_or_email_forwarded,login_or_relationship_required,not_in_final_coded_sources,new_candidate_to_dedupe,verify official subcontractor/prequal path; route invitations through estimator inbox,Do not scrape login portals; use email forwarding/manual import if TENDER_FINDER has relationship/access.,candidate_expansion_seed
j_cote_and_son_excavating_itb,J. Cote & Son Excavating subcontractor bids / prequalification / ITB workflow,F_gc_developer_invites,J. Cote & Son Excavating,BC / Western Canada,GC portal / email invite / vendor page,GC invite / subcontractor opportunity,Run_Queue,2,manual_or_email_forwarded,login_or_relationship_required,not_in_final_coded_sources,new_candidate_to_dedupe,verify official subcontractor/prequal path; route invitations through estimator inbox,Do not scrape login portals; use email forwarding/manual import if TENDER_FINDER has relationship/access.,candidate_expansion_seed
complete_utility_contractors_itb,Complete Utility Contractors subcontractor bids / prequalification / ITB workflow,F_gc_developer_invites,Complete Utility Contractors,BC / Western Canada,GC portal / email invite / vendor page,GC invite / subcontractor opportunity,Run_Queue,2,manual_or_email_forwarded,login_or_relationship_required,not_in_final_coded_sources,new_candidate_to_dedupe,verify official subcontractor/prequal path; route invitations through estimator inbox,Do not scrape login portals; use email forwarding/manual import if TENDER_FINDER has relationship/access.,candidate_expansion_seed
sandpiper_contracting_itb,Sandpiper Contracting subcontractor bids / prequalification / ITB workflow,F_gc_developer_invites,Sandpiper Contracting,BC / Western Canada,GC portal / email invite / vendor page,GC invite / subcontractor opportunity,Run_Queue,2,manual_or_email_forwarded,login_or_relationship_required,not_in_final_coded_sources,new_candidate_to_dedupe,verify official subcontractor/prequal path; route invitations through estimator inbox,Do not scrape login portals; use email forwarding/manual import if TENDER_FINDER has relationship/access.,candidate_expansion_seed
double_v_construction_itb,Double V Construction subcontractor bids / prequalification / ITB workflow,F_gc_developer_invites,Double V Construction,BC / Western Canada,GC portal / email invite / vendor page,GC invite / subcontractor opportunity,Run_Queue,2,manual_or_email_forwarded,login_or_relationship_required,not_in_final_coded_sources,new_candidate_to_dedupe,verify official subcontractor/prequal path; route invitations through estimator inbox,Do not scrape login portals; use email forwarding/manual import if TENDER_FINDER has relationship/access.,candidate_expansion_seed
wilco_civil_itb,Wilco Civil subcontractor bids / prequalification / ITB workflow,F_gc_developer_invites,Wilco Civil,BC / Western Canada,GC portal / email invite / vendor page,GC invite / subcontractor opportunity,Run_Queue,2,manual_or_email_forwarded,login_or_relationship_required,not_in_final_coded_sources,new_candidate_to_dedupe,verify official subcontractor/prequal path; route invitations through estimator inbox,Do not scrape login portals; use email forwarding/manual import if TENDER_FINDER has relationship/access.,candidate_expansion_seed
aardvark_pavement_marking_roadworks_itb,Aardvark Pavement Marking / roadworks subcontractor bids / prequalification / ITB workflow,F_gc_developer_invites,Aardvark Pavement Marking / roadworks,BC / Western Canada,GC portal / email invite / vendor page,GC invite / subcontractor opportunity,Run_Queue,2,manual_or_email_forwarded,login_or_relationship_required,not_in_final_coded_sources,new_candidate_to_dedupe,verify official subcontractor/prequal path; route invitations through estimator inbox,Do not scrape login portals; use email forwarding/manual import if TENDER_FINDER has relationship/access.,candidate_expansion_seed
urban_systems_early_signal,Urban Systems early-signal monitoring,G_news_early_signal,Urban Systems,BC / Lower Mainland,news / press release / newsletter / RSS,early signal / award / project announcement,Run_Queue,3,manual_or_rss_html,public_to_verify,not_in_final_coded_sources,new_candidate_to_dedupe,verify feed/search pattern and add monitoring keywords,News/PR source; lower precision but useful for early signal and client tracking.,candidate_expansion_seed
aplin_martin_early_signal,Aplin Martin early-signal monitoring,G_news_early_signal,Aplin Martin,BC / Lower Mainland,news / press release / newsletter / RSS,early signal / award / project announcement,Run_Queue,3,manual_or_rss_html,public_to_verify,not_in_final_coded_sources,new_candidate_to_dedupe,verify feed/search pattern and add monitoring keywords,News/PR source; lower precision but useful for early signal and client tracking.,candidate_expansion_seed
mcelhanney_early_signal,McElhanney early-signal monitoring,G_news_early_signal,McElhanney,BC / Lower Mainland,news / press release / newsletter / RSS,early signal / award / project announcement,Run_Queue,3,manual_or_rss_html,public_to_verify,not_in_final_coded_sources,new_candidate_to_dedupe,verify feed/search pattern and add monitoring keywords,News/PR source; lower precision but useful for early signal and client tracking.,candidate_expansion_seed
isl_engineering_early_signal,ISL Engineering early-signal monitoring,G_news_early_signal,ISL Engineering,BC / Lower Mainland,news / press release / newsletter / RSS,early signal / award / project announcement,Run_Queue,3,manual_or_rss_html,public_to_verify,not_in_final_coded_sources,new_candidate_to_dedupe,verify feed/search pattern and add monitoring keywords,News/PR source; lower precision but useful for early signal and client tracking.,candidate_expansion_seed
r_f_binnie_early_signal,R.F. Binnie early-signal monitoring,G_news_early_signal,R.F. Binnie,BC / Lower Mainland,news / press release / newsletter / RSS,early signal / award / project announcement,Run_Queue,3,manual_or_rss_html,public_to_verify,not_in_final_coded_sources,new_candidate_to_dedupe,verify feed/search pattern and add monitoring keywords,News/PR source; lower precision but useful for early signal and client tracking.,candidate_expansion_seed
kerr_wood_leidal_early_signal,Kerr Wood Leidal early-signal monitoring,G_news_early_signal,Kerr Wood Leidal,BC / Lower Mainland,news / press release / newsletter / RSS,early signal / award / project announcement,Run_Queue,3,manual_or_rss_html,public_to_verify,not_in_final_coded_sources,new_candidate_to_dedupe,verify feed/search pattern and add monitoring keywords,News/PR source; lower precision but useful for early signal and client tracking.,candidate_expansion_seed
wsp_canada_early_signal,WSP Canada early-signal monitoring,G_news_early_signal,WSP Canada,BC / Lower Mainland,news / press release / newsletter / RSS,early signal / award / project announcement,Run_Queue,3,manual_or_rss_html,public_to_verify,not_in_final_coded_sources,new_candidate_to_dedupe,verify feed/search pattern and add monitoring keywords,News/PR source; lower precision but useful for early signal and client tracking.,candidate_expansion_seed
stantec_early_signal,Stantec early-signal monitoring,G_news_early_signal,Stantec,BC / Lower Mainland,news / press release / newsletter / RSS,early signal / award / project announcement,Run_Queue,3,manual_or_rss_html,public_to_verify,not_in_final_coded_sources,new_candidate_to_dedupe,verify feed/search pattern and add monitoring keywords,News/PR source; lower precision but useful for early signal and client tracking.,candidate_expansion_seed
aecom_early_signal,AECOM early-signal monitoring,G_news_early_signal,AECOM,BC / Lower Mainland,news / press release / newsletter / RSS,early signal / award / project announcement,Run_Queue,3,manual_or_rss_html,public_to_verify,not_in_final_coded_sources,new_candidate_to_dedupe,verify feed/search pattern and add monitoring keywords,News/PR source; lower precision but useful for early signal and client tracking.,candidate_expansion_seed
parsons_early_signal,Parsons early-signal monitoring,G_news_early_signal,Parsons,BC / Lower Mainland,news / press release / newsletter / RSS,early signal / award / project announcement,Run_Queue,3,manual_or_rss_html,public_to_verify,not_in_final_coded_sources,new_candidate_to_dedupe,verify feed/search pattern and add monitoring keywords,News/PR source; lower precision but useful for early signal and client tracking.,candidate_expansion_seed
associated_engineering_early_signal,Associated Engineering early-signal monitoring,G_news_early_signal,Associated Engineering,BC / Lower Mainland,news / press release / newsletter / RSS,early signal / award / project announcement,Run_Queue,3,manual_or_rss_html,public_to_verify,not_in_final_coded_sources,new_candidate_to_dedupe,verify feed/search pattern and add monitoring keywords,News/PR source; lower precision but useful for early signal and client tracking.,candidate_expansion_seed
true_consulting_early_signal,TRUE Consulting early-signal monitoring,G_news_early_signal,TRUE Consulting,BC / Lower Mainland,news / press release / newsletter / RSS,early signal / award / project announcement,Run_Queue,3,manual_or_rss_html,public_to_verify,not_in_final_coded_sources,new_candidate_to_dedupe,verify feed/search pattern and add monitoring keywords,News/PR source; lower precision but useful for early signal and client tracking.,candidate_expansion_seed
wedler_engineering_early_signal,Wedler Engineering early-signal monitoring,G_news_early_signal,Wedler Engineering,BC / Lower Mainland,news / press release / newsletter / RSS,early signal / award / project announcement,Run_Queue,3,manual_or_rss_html,public_to_verify,not_in_final_coded_sources,new_candidate_to_dedupe,verify feed/search pattern and add monitoring keywords,News/PR source; lower precision but useful for early signal and client tracking.,candidate_expansion_seed
onsite_engineering_early_signal,Onsite Engineering early-signal monitoring,G_news_early_signal,Onsite Engineering,BC / Lower Mainland,news / press release / newsletter / RSS,early signal / award / project announcement,Run_Queue,3,manual_or_rss_html,public_to_verify,not_in_final_coded_sources,new_candidate_to_dedupe,verify feed/search pattern and add monitoring keywords,News/PR source; lower precision but useful for early signal and client tracking.,candidate_expansion_seed
r_f_binnie_project_awards_early_signal,R. F. Binnie project awards early-signal monitoring,G_news_early_signal,R. F. Binnie project awards,BC / Lower Mainland,news / press release / newsletter / RSS,early signal / award / project announcement,Run_Queue,3,manual_or_rss_html,public_to_verify,not_in_final_coded_sources,new_candidate_to_dedupe,verify feed/search pattern and add monitoring keywords,News/PR source; lower precision but useful for early signal and client tracking.,candidate_expansion_seed
morrison_hershfield_stantec_transportation_early_signal,Morrison Hershfield / Stantec transportation early-signal monitoring,G_news_early_signal,Morrison Hershfield / Stantec transportation,BC / Lower Mainland,news / press release / newsletter / RSS,early signal / award / project announcement,Run_Queue,3,manual_or_rss_html,public_to_verify,not_in_final_coded_sources,new_candidate_to_dedupe,verify feed/search pattern and add monitoring keywords,News/PR source; lower precision but useful for early signal and client tracking.,candidate_expansion_seed
geopacific_consultants_early_signal,GeoPacific Consultants early-signal monitoring,G_news_early_signal,GeoPacific Consultants,BC / Lower Mainland,news / press release / newsletter / RSS,early signal / award / project announcement,Run_Queue,3,manual_or_rss_html,public_to_verify,not_in_final_coded_sources,new_candidate_to_dedupe,verify feed/search pattern and add monitoring keywords,News/PR source; lower precision but useful for early signal and client tracking.,candidate_expansion_seed
geopacific_geotechnical_awards_early_signal,Geopacific / geotechnical awards early-signal monitoring,G_news_early_signal,Geopacific / geotechnical awards,BC / Lower Mainland,news / press release / newsletter / RSS,early signal / award / project announcement,Run_Queue,3,manual_or_rss_html,public_to_verify,not_in_final_coded_sources,new_candidate_to_dedupe,verify feed/search pattern and add monitoring keywords,News/PR source; lower precision but useful for early signal and client tracking.,candidate_expansion_seed
kwl_project_news_early_signal,KWL project news early-signal monitoring,G_news_early_signal,KWL project news,BC / Lower Mainland,news / press release / newsletter / RSS,early signal / award / project announcement,Run_Queue,3,manual_or_rss_html,public_to_verify,not_in_final_coded_sources,new_candidate_to_dedupe,verify feed/search pattern and add monitoring keywords,News/PR source; lower precision but useful for early signal and client tracking.,candidate_expansion_seed
transportation_association_of_canada_bc_project_news_early_s,Transportation Association of Canada BC project news early-signal monitoring,G_news_early_signal,Transportation Association of Canada BC project news,BC / Lower Mainland,news / press release / newsletter / RSS,early signal / award / project announcement,Run_Queue,3,manual_or_rss_html,public_to_verify,not_in_final_coded_sources,new_candidate_to_dedupe,verify feed/search pattern and add monitoring keywords,News/PR source; lower precision but useful for early signal and client tracking.,candidate_expansion_seed
merx_private_construction_alerts,MERX private construction alerts,E_paid_intelligence,MERX private construction alerts,BC / Canada,paid login / email alert,active tender / project lead,Paid_Intelligence,3,paid_login_or_manual,paid_or_login_required,not_in_final_coded_sources,new_candidate_to_dedupe,do not scrape; document subscription/export/email workflow only,Paid intelligence source; useful only with authorized TENDER_FINDER access.,candidate_expansion_seed
biddingo_bc_municipal_alerts,Biddingo BC municipal alerts,E_paid_intelligence,Biddingo BC municipal alerts,BC / Canada,paid login / email alert,active tender / project lead,Paid_Intelligence,3,paid_login_or_manual,paid_or_login_required,not_in_final_coded_sources,new_candidate_to_dedupe,do not scrape; document subscription/export/email workflow only,Paid intelligence source; useful only with authorized TENDER_FINDER access.,candidate_expansion_seed
bonfire_public_agency_portals,Bonfire public agency portals,E_paid_intelligence,Bonfire public agency portals,BC / Canada,paid login / email alert,active tender / project lead,Paid_Intelligence,3,paid_login_or_manual,paid_or_login_required,not_in_final_coded_sources,new_candidate_to_dedupe,do not scrape; document subscription/export/email workflow only,Paid intelligence source; useful only with authorized TENDER_FINDER access.,candidate_expansion_seed
sap_ariba_supplier_network_alerts,SAP Ariba supplier network alerts,E_paid_intelligence,SAP Ariba supplier network alerts,BC / Canada,paid login / email alert,active tender / project lead,Paid_Intelligence,3,paid_login_or_manual,paid_or_login_required,not_in_final_coded_sources,new_candidate_to_dedupe,do not scrape; document subscription/export/email workflow only,Paid intelligence source; useful only with authorized TENDER_FINDER access.,candidate_expansion_seed
oracle_jaggaer_public_procurement_portals,Oracle / Jaggaer public procurement portals,E_paid_intelligence,Oracle / Jaggaer public procurement portals,BC / Canada,paid login / email alert,active tender / project lead,Paid_Intelligence,3,paid_login_or_manual,paid_or_login_required,not_in_final_coded_sources,new_candidate_to_dedupe,do not scrape; document subscription/export/email workflow only,Paid intelligence source; useful only with authorized TENDER_FINDER access.,candidate_expansion_seed
planhub_bc_civil_searches,PlanHub BC civil searches,E_paid_intelligence,PlanHub BC civil searches,BC / Canada,paid login / email alert,active tender / project lead,Paid_Intelligence,3,paid_login_or_manual,paid_or_login_required,not_in_final_coded_sources,new_candidate_to_dedupe,do not scrape; document subscription/export/email workflow only,Paid intelligence source; useful only with authorized TENDER_FINDER access.,candidate_expansion_seed
buildingconnected_project_export,BuildingConnected project export,E_paid_intelligence,BuildingConnected project export,BC / Canada,paid login / email alert,active tender / project lead,Paid_Intelligence,3,paid_login_or_manual,paid_or_login_required,not_in_final_coded_sources,new_candidate_to_dedupe,do not scrape; document subscription/export/email workflow only,Paid intelligence source; useful only with authorized TENDER_FINDER access.,candidate_expansion_seed
constructconnect_bc_civil_alerts,ConstructConnect BC civil alerts,E_paid_intelligence,ConstructConnect BC civil alerts,BC / Canada,paid login / email alert,active tender / project lead,Paid_Intelligence,3,paid_login_or_manual,paid_or_login_required,not_in_final_coded_sources,new_candidate_to_dedupe,do not scrape; document subscription/export/email workflow only,Paid intelligence source; useful only with authorized TENDER_FINDER access.,candidate_expansion_seed
dodge_bc_infrastructure_alerts,Dodge BC infrastructure alerts,E_paid_intelligence,Dodge BC infrastructure alerts,BC / Canada,paid login / email alert,active tender / project lead,Paid_Intelligence,3,paid_login_or_manual,paid_or_login_required,not_in_final_coded_sources,new_candidate_to_dedupe,do not scrape; document subscription/export/email workflow only,Paid intelligence source; useful only with authorized TENDER_FINDER access.,candidate_expansion_seed
reed_construction_data_canada_construction_leads,Reed Construction Data / Canada construction leads,E_paid_intelligence,Reed Construction Data / Canada construction leads,BC / Canada,paid login / email alert,active tender / project lead,Paid_Intelligence,3,paid_login_or_manual,paid_or_login_required,not_in_final_coded_sources,new_candidate_to_dedupe,do not scrape; document subscription/export/email workflow only,Paid intelligence source; useful only with authorized TENDER_FINDER access.,candidate_expansion_seed
meridian_onecap_equipment_public_sector_tender_alerts,Meridian OneCap / equipment-public-sector tender alerts,E_paid_intelligence,Meridian OneCap / equipment-public-sector tender alerts,BC / Canada,paid login / email alert,active tender / project lead,Paid_Intelligence,3,paid_login_or_manual,paid_or_login_required,not_in_final_coded_sources,new_candidate_to_dedupe,do not scrape; document subscription/export/email workflow only,Paid intelligence source; useful only with authorized TENDER_FINDER access.,candidate_expansion_seed
bc_road_builders_and_heavy_construction_association_notices,BC Road Builders and Heavy Construction Association notices,E_paid_intelligence,BC Road Builders and Heavy Construction Association notices,BC / Canada,paid login / email alert,active tender / project lead,Paid_Intelligence,3,paid_login_or_manual,paid_or_login_required,not_in_final_coded_sources,new_candidate_to_dedupe,do not scrape; document subscription/export/email workflow only,Paid intelligence source; useful only with authorized TENDER_FINDER access.,candidate_expansion_seed
vrca_project_tender_bulletins,VRCA project/tender bulletins,E_paid_intelligence,VRCA project/tender bulletins,BC / Canada,paid login / email alert,active tender / project lead,Paid_Intelligence,3,paid_login_or_manual,paid_or_login_required,not_in_final_coded_sources,new_candidate_to_dedupe,do not scrape; document subscription/export/email workflow only,Paid intelligence source; useful only with authorized TENDER_FINDER access.,candidate_expansion_seed
icba_tender_member_opportunity_notices,ICBA tender/member opportunity notices,E_paid_intelligence,ICBA tender/member opportunity notices,BC / Canada,paid login / email alert,active tender / project lead,Paid_Intelligence,3,paid_login_or_manual,paid_or_login_required,not_in_final_coded_sources,new_candidate_to_dedupe,do not scrape; document subscription/export/email workflow only,Paid intelligence source; useful only with authorized TENDER_FINDER access.,candidate_expansion_seed
vancouver_sun_business_local_development_early_signal,Vancouver Sun business/local development early-signal monitoring,G_news_early_signal,Vancouver Sun business/local development,BC / Lower Mainland,news / press release / newsletter / RSS,early signal / award / project announcement,Run_Queue,3,manual_or_rss_html,public_to_verify,not_in_final_coded_sources,new_candidate_to_dedupe,verify feed/search pattern and add monitoring keywords,News/PR source; lower precision but useful for early signal and client tracking.,candidate_expansion_seed
tri_city_news_development_and_council_coverage_early_signal,Tri-City News development and council coverage early-signal monitoring,G_news_early_signal,Tri-City News development and council coverage,BC / Lower Mainland,news / press release / newsletter / RSS,early signal / award / project announcement,Run_Queue,3,manual_or_rss_html,public_to_verify,not_in_final_coded_sources,new_candidate_to_dedupe,verify feed/search pattern and add monitoring keywords,News/PR source; lower precision but useful for early signal and client tracking.,candidate_expansion_seed
langley_advance_times_development_notices_early_signal,Langley Advance Times development notices early-signal monitoring,G_news_early_signal,Langley Advance Times development notices,BC / Lower Mainland,news / press release / newsletter / RSS,early signal / award / project announcement,Run_Queue,3,manual_or_rss_html,public_to_verify,not_in_final_coded_sources,new_candidate_to_dedupe,verify feed/search pattern and add monitoring keywords,News/PR source; lower precision but useful for early signal and client tracking.,candidate_expansion_seed
maple_ridge_news_development_notices_early_signal,Maple Ridge News development notices early-signal monitoring,G_news_early_signal,Maple Ridge News development notices,BC / Lower Mainland,news / press release / newsletter / RSS,early signal / award / project announcement,Run_Queue,3,manual_or_rss_html,public_to_verify,not_in_final_coded_sources,new_candidate_to_dedupe,verify feed/search pattern and add monitoring keywords,News/PR source; lower precision but useful for early signal and client tracking.,candidate_expansion_seed
surrey_now_leader_development_capital_notices_early_signal,Surrey Now-Leader development/capital notices early-signal monitoring,G_news_early_signal,Surrey Now-Leader development/capital notices,BC / Lower Mainland,news / press release / newsletter / RSS,early signal / award / project announcement,Run_Queue,3,manual_or_rss_html,public_to_verify,not_in_final_coded_sources,new_candidate_to_dedupe,verify feed/search pattern and add monitoring keywords,News/PR source; lower precision but useful for early signal and client tracking.,candidate_expansion_seed
peace_arch_news_white_rock_south_surrey_projects_early_signa,Peace Arch News White Rock/South Surrey projects early-signal monitoring,G_news_early_signal,Peace Arch News White Rock/South Surrey projects,BC / Lower Mainland,news / press release / newsletter / RSS,early signal / award / project announcement,Run_Queue,3,manual_or_rss_html,public_to_verify,not_in_final_coded_sources,new_candidate_to_dedupe,verify feed/search pattern and add monitoring keywords,News/PR source; lower precision but useful for early signal and client tracking.,candidate_expansion_seed
abbotsford_news_development_capital_notices_early_signal,Abbotsford News development/capital notices early-signal monitoring,G_news_early_signal,Abbotsford News development/capital notices,BC / Lower Mainland,news / press release / newsletter / RSS,early signal / award / project announcement,Run_Queue,3,manual_or_rss_html,public_to_verify,not_in_final_coded_sources,new_candidate_to_dedupe,verify feed/search pattern and add monitoring keywords,News/PR source; lower precision but useful for early signal and client tracking.,candidate_expansion_seed
chilliwack_progress_development_capital_notices_early_signal,Chilliwack Progress development/capital notices early-signal monitoring,G_news_early_signal,Chilliwack Progress development/capital notices,BC / Lower Mainland,news / press release / newsletter / RSS,early signal / award / project announcement,Run_Queue,3,manual_or_rss_html,public_to_verify,not_in_final_coded_sources,new_candidate_to_dedupe,verify feed/search pattern and add monitoring keywords,News/PR source; lower precision but useful for early signal and client tracking.,candidate_expansion_seed
burnaby_now_development_notices_early_signal,Burnaby Now development notices early-signal monitoring,G_news_early_signal,Burnaby Now development notices,BC / Lower Mainland,news / press release / newsletter / RSS,early signal / award / project announcement,Run_Queue,3,manual_or_rss_html,public_to_verify,not_in_final_coded_sources,new_candidate_to_dedupe,verify feed/search pattern and add monitoring keywords,News/PR source; lower precision but useful for early signal and client tracking.,candidate_expansion_seed
richmond_news_development_notices_early_signal,Richmond News development notices early-signal monitoring,G_news_early_signal,Richmond News development notices,BC / Lower Mainland,news / press release / newsletter / RSS,early signal / award / project announcement,Run_Queue,3,manual_or_rss_html,public_to_verify,not_in_final_coded_sources,new_candidate_to_dedupe,verify feed/search pattern and add monitoring keywords,News/PR source; lower precision but useful for early signal and client tracking.,candidate_expansion_seed
north_shore_news_development_capital_notices_early_signal,North Shore News development/capital notices early-signal monitoring,G_news_early_signal,North Shore News development/capital notices,BC / Lower Mainland,news / press release / newsletter / RSS,early signal / award / project announcement,Run_Queue,3,manual_or_rss_html,public_to_verify,not_in_final_coded_sources,new_candidate_to_dedupe,verify feed/search pattern and add monitoring keywords,News/PR source; lower precision but useful for early signal and client tracking.,candidate_expansion_seed
western_investor_land_assembly_notices_early_signal,Western Investor land assembly notices early-signal monitoring,G_news_early_signal,Western Investor land assembly notices,BC / Lower Mainland,news / press release / newsletter / RSS,early signal / award / project announcement,Run_Queue,3,manual_or_rss_html,public_to_verify,not_in_final_coded_sources,new_candidate_to_dedupe,verify feed/search pattern and add monitoring keywords,News/PR source; lower precision but useful for early signal and client tracking.,candidate_expansion_seed
renx_bc_development_news_early_signal,Renx BC development news early-signal monitoring,G_news_early_signal,Renx BC development news,BC / Lower Mainland,news / press release / newsletter / RSS,early signal / award / project announcement,Run_Queue,3,manual_or_rss_html,public_to_verify,not_in_final_coded_sources,new_candidate_to_dedupe,verify feed/search pattern and add monitoring keywords,News/PR source; lower precision but useful for early signal and client tracking.,candidate_expansion_seed
urbanyvr_development_news_early_signal,UrbanYVR development news early-signal monitoring,G_news_early_signal,UrbanYVR development news,BC / Lower Mainland,news / press release / newsletter / RSS,early signal / award / project announcement,Run_Queue,3,manual_or_rss_html,public_to_verify,not_in_final_coded_sources,new_candidate_to_dedupe,verify feed/search pattern and add monitoring keywords,News/PR source; lower precision but useful for early signal and client tracking.,candidate_expansion_seed
skyscraperpage_vancouver_project_forum_watchlist_early_signa,SkyscraperPage Vancouver project forum watchlist early-signal monitoring,G_news_early_signal,SkyscraperPage Vancouver project forum watchlist,BC / Lower Mainland,news / press release / newsletter / RSS,early signal / award / project announcement,Run_Queue,3,manual_or_rss_html,public_to_verify,not_in_final_coded_sources,new_candidate_to_dedupe,verify feed/search pattern and add monitoring keywords,News/PR source; lower precision but useful for early signal and client tracking.,candidate_expansion_seed
linkedin_posts_from_priority_owners_and_gcs_early_signal,LinkedIn posts from priority owners and GCs early-signal monitoring,G_news_early_signal,LinkedIn posts from priority owners and GCs,BC / Lower Mainland,news / press release / newsletter / RSS,early signal / award / project announcement,Run_Queue,3,manual_or_rss_html,public_to_verify,not_in_final_coded_sources,new_candidate_to_dedupe,verify feed/search pattern and add monitoring keywords,News/PR source; lower precision but useful for early signal and client tracking.,candidate_expansion_seed
